True Distance;Estimated Distance
0.08813248095958104;0.10939285159111023
0.017892867016652908;0.01789379119873047
0.0023354086184114164;0.0023355484008789062
0.06917210459164405;0.07635024189949036
0.07069859069804638;0.07075977325439453
0.02502070429711068;0.025020599365234375
0.043725112902504956;0.044075965881347656
0.04062307836301937;0.0442943274974823
0.10348418736190519;0.11184501647949219
0.06382439589589967;0.08099365234375
0.07149272318914243;0.09053182601928711
0.07051549514667042;0.07140541076660156
0.065897555026789;0.06925386935472488
0.05698494120820248;0.057566672563552856
0.06759261232028192;0.0739717185497284
0.07394079874656197;0.08642181754112244
0.08406882501557233;0.08708766102790833
0.11428592506300556;0.11429217457771301
0.026607290236631907;0.02660837396979332
0.06305707108843374;0.06563658267259598
0.006002015268643716;0.006002455949783325
0.021759388027336107;0.021759986877441406
0.003727347028874367;0.0037279129028320312
0.08230122031287014;0.09365838766098022
0.06894974743753315;0.08386512845754623
0.06219849374705351;0.06560993194580078
0.0392564908186542;0.039257049560546875
0.07127172140406707;0.07164859771728516
0.0994441445311357;0.10228541493415833
0.0356366439681129;0.03589317202568054
0.020625912049609372;0.02063465118408203
0.041862741558216905;0.0489218533039093
0.03503916936817275;0.03519934415817261
0.03405854410797187;0.03513902425765991
0.060370697694185856;0.0630645751953125
0.08342370299392374;0.09575939178466797
0.10656887292223352;0.10975924134254456
0.007362836113314612;0.007363319396972656
0.08007206094304832;0.08670037984848022
0.033615754191609955;0.0339774489402771
0.04369984592449409;0.051087886095047
0.062318045597802775;0.06769247353076935
0.019641729188078653;0.019641876220703125
0.054937590432131804;0.07137960195541382
0.07628638251497555;0.08936026692390442
0.05175069529576152;0.061445266008377075
0.03820789919422133;0.03959178924560547
0.0567205273195071;0.07145419716835022
0.05801737042751437;0.07111141085624695
0.146690860169638;0.15758877992630005
0.09131240710251669;0.10010349750518799
0.008311096711200946;0.008311271667480469
0.018160341575763347;0.018228888511657715
0.05093050635899039;0.059224843978881836
0.018178047182320193;0.01847553253173828
0.05281314092266065;0.06311088800430298
0.05459808192737543;0.05489733815193176
0.04276540703025117;0.043178558349609375
0.0010917236036206241;0.0010919570922851562
0.04166231233018489;0.04338313639163971
0.004022365564856046;0.00402262806892395
0.02997146924925461;0.030175626277923584
0.054178789324604;0.054782867431640625
0.04164724039866543;0.04392150044441223
0.06091848132456534;0.06857681274414062
0.0520902118234432;0.05389973521232605
0.06243290584531716;0.08349752426147461
0.13232144047325742;0.13234615325927734
0.0457639533798914;0.05475902557373047
0.081635023230865;0.08624357730150223
0.053147238522742876;0.05418968200683594
0.109328568138001;0.11172488331794739
0.09887540016560134;0.10339546203613281
0.044488290484849424;0.049876779317855835
0.08768358000920543;0.08927729725837708
0.014818306965285901;0.014819145202636719
0.07918934166077053;0.09329801797866821
0.07202808580376587;0.08223721385002136
0.06800174941367126;0.0699796974658966
0.0005575469889942424;0.0005578994750976562
0.07041321723195398;0.0804097056388855
0.06109876097582459;0.07894057035446167
0.11150471838509159;0.11371898651123047
0.04481480884403448;0.045102715492248535
0.043581144774938574;0.04385283589363098
0.06065989185845516;0.06630706787109375
0.08625202061421566;0.10226631164550781
0.09402943885441384;0.10009434819221497
0.07030254795728859;0.07380488514900208
0.10741151831513408;0.12070909142494202
0.08782985980836815;0.09268096089363098
0.07232597138033126;0.07925033569335938
0.09239583140020316;0.10239416360855103
0.10833578480596337;0.12236756086349487
0.044537426081718526;0.04619026184082031
0.047875778038120084;0.05451110005378723
0.00193640487706994;0.0019369125366210938
0.055920230546331794;0.07303160429000854
0.05933527218257257;0.06373408436775208
0.052974284082652666;0.06321549415588379
0.021967019083790344;0.021966934204101562
0.044982986566440876;0.04499334096908569
0.026926228669609885;0.02692893147468567
0.09515449171177012;0.1088886559009552
0.059298051255076464;0.06343364715576172
0.06969360780226037;0.07195663452148438
0.07595213374534432;0.09988489747047424
0.04630559302904131;0.048317939043045044
0.06647849611522191;0.06884673237800598
0.10410835513784614;0.1130686104297638
0.049490696975383906;0.051357101649045944
0.03532110437326753;0.03606057167053223
0.03834124492015849;0.04163968563079834
0.06275711435688741;0.0637369155883789
0.0975064738709952;0.1038523018360138
0.054519207513273535;0.06901812553405762
0.01664179362845363;0.016641616821289062
0.04613129816791671;0.04682302474975586
0.018381167424388747;0.01871204376220703
0.08004628365705274;0.10507586598396301
0.04388085446525037;0.05711257457733154
0.027353541040318105;0.027357101440429688
0.02679299340690722;0.02691558003425598
0.0379345303866273;0.04475894570350647
0.06861382271609497;0.07233145833015442
0.05140975568698951;0.05544665455818176
0.03683543619818774;0.03690531849861145
0.08780128762743993;0.08967021107673645
0.04543995698326874;0.046324729919433594
0.026143645303196277;0.026328086853027344
0.05090400763238686;0.05125141143798828
0.0019123699965453973;0.002005279064178467
0.04048953888002892;0.04168829321861267
0.07524485932532184;0.07614783942699432
0.06495700765261789;0.0728256106376648
0.048880983841337766;0.058793097734451294
0.09347434330793264;0.11053183674812317
0.04068600985249784;0.04378211498260498
0.17061606047391242;0.18355008959770203
0.002844106546053212;0.0028448104858398438
0.05656347438937375;0.06038859486579895
0.00014036815819529303;0.000141143798828125
0.027762402451169482;0.028841018676757812
0.01033744088273181;0.01033782958984375
0.08711856416973601;0.10089507699012756
0.06443472348079148;0.06724071502685547
0.029924015914053796;0.029926300048828125
0.011171094273101605;0.0111713707447052
0.0480947381969681;0.048095703125
0.026257706498895795;0.026261359453201294
0.12902506851775203;0.13912677764892578
0.0751664504866165;0.0854644775390625
0.06269696008546907;0.08121970295906067
0.03245511692607726;0.03248584270477295
0.06954675626888403;0.08208461105823517
0.09523082238724442;0.10235098004341125
0.03169320898982434;0.031809985637664795
0.011276581767236815;0.011276721954345703
0.1087751881950719;0.12360385060310364
0.03215886704470197;0.032215118408203125
0.04704383720340446;0.04869464039802551
0.040899571348147326;0.04306221008300781
0.06460256449518446;0.0666189193725586
0.1187952348904156;0.13728615641593933
0.04706694934325258;0.048263370990753174
0.05159891749218678;0.05479148030281067
0.06159542666210886;0.06334498524665833
0.0612838649955766;0.0682830810546875
0.1005820841502937;0.1078023910522461
0.01898080706822412;0.01937049627304077
0.002005070633425062;0.0020055770874023438
0.0507924419925031;0.054917752742767334
0.015267282809577575;0.015290260314941406
0.12483090797118987;0.13835051655769348
0.004094988058628661;0.004175424575805664
0.07788785094708989;0.09031838178634644
0.005594019983228504;0.0055942535400390625
0.05572975869250867;0.06656268239021301
0.01071547964215085;0.010715551674365997
0.0734265028260496;0.07902812957763672
0.055796013460046534;0.07094281911849976
0.013510556402589552;0.013510704040527344
0.06385390655562934;0.06705951690673828
0.0925373311710657;0.1094198003411293
0.07869809344201706;0.08675861358642578
0.08737441818333377;0.10083293914794922
0.037410314259595026;0.03741076588630676
0.04096728098835525;0.0420856773853302
0.008641726817097479;0.008642196655273438
0.03115210560368678;0.03278818354010582
0.03375084460831088;0.03389042615890503
0.003489337261134378;0.0035142898559570312
0.08311300858078557;0.09084954857826233
0.03383671454011628;0.03383636474609375
0.002837790358817553;0.002838134765625
0.017844949230807445;0.01784515380859375
0.034238605411332904;0.034241676330566406
0.0988566427422382;0.10634323209524155
0.04430658882577632;0.049011796712875366
0.05537898177606966;0.06937888264656067
0.06830945301228981;0.08033943176269531
0.07642886487697034;0.09657764434814453
0.10826975260158644;0.1082773208618164
0.12165045035853787;0.13434794545173645
0.04480246809924185;0.0496099591255188
0.056323658601083376;0.06587612628936768
0.1017693600976757;0.11169546842575073
0.044031229826060156;0.04585742950439453
0.00808221172606869;0.008093833923339844
0.01545095672783611;0.015451431274414062
0.07560482338392344;0.0847611352801323
0.07020513095335743;0.07714271545410156
0.06232931529439261;0.06963148713111877
0.08896604261557066;0.09238715469837189
0.06812601149385893;0.07989099621772766
0.05432187806676714;0.057181715965270996
0.047312491938142597;0.04934769868850708
0.07187855493912788;0.09209427237510681
0.05064665793602709;0.05982872471213341
0.051089689978745724;0.052254676818847656
0.06862077491946444;0.06999397277832031
0.0995988825352663;0.10721969604492188
0.039604859577599114;0.04085984826087952
0.060926954809767946;0.0654001235961914
0.06586435053149832;0.08137419819831848
0.023149755447945435;0.023153305053710938
0.028542379594368266;0.02875465154647827
0.016386853283111055;0.016386985778808594
0.09400105095114374;0.10428431630134583
0.05244076292962224;0.05401611328125
0.0305686051992816;0.030571937561035156
0.013464777209315734;0.013612031936645508
0.06411686370782577;0.06571483612060547
0.07106223257503684;0.07437518239021301
0.04965388855601335;0.05803719162940979
0.019689158337989163;0.019689589738845825
0.004738017269700908;0.004738837480545044
0.06591290978616397;0.07987216114997864
0.08982904166613048;0.10091549158096313
0.05231555628261545;0.06522926688194275
0.07724028765689316;0.09913524985313416
0.04248075504532434;0.051482200622558594
0.01746364617027503;0.017461776733398438
0.02661730398657669;0.02665787935256958
0.042303448037552385;0.04379791021347046
0.04908439552691261;0.05183887481689453
0.14163637471630564;0.15639829635620117
0.05879926968457084;0.07769957184791565
0.04529609670606296;0.0459170937538147
0.05021512788387888;0.05772623419761658
0.024741421049598873;0.02495768666267395
0.007392193752797681;0.007529258728027344
0.05460954368531944;0.07133525609970093
0.07914903471144;0.09866905212402344
0.06057665291102427;0.07007122039794922
0.08745096675493831;0.0925760567188263
0.07820678283598081;0.09036070108413696
0.09639218930278447;0.10967966914176941
0.06087748475290549;0.06295204162597656
0.07914477839447256;0.08294963836669922
0.005454055739703028;0.0055027008056640625
0.09389962223447802;0.09985744953155518
0.0033556229549622984;0.0034179389476776123
0.046964474319162806;0.05946958065032959
0.07369402679107867;0.07958319783210754
0.023827326026741764;0.02383136749267578
0.0004081640217541829;0.000408172607421875
0.05943725733657489;0.06201648712158203
0.038820950343248777;0.043416887521743774
0.0951688446187589;0.10422804951667786
0.02858784842152483;0.028588324785232544
0.027450110287395937;0.028686583042144775
0.06707995353372882;0.06921863555908203
0.06171344481849791;0.08914759755134583
0.10934399045094682;0.11307242512702942
0.08326875533916672;0.09321025013923645
0.0346352959279891;0.034670859575271606
0.048239674792194126;0.049929141998291016
0.08831987729707141;0.10706505179405212
0.04633339650420354;0.05572700500488281
0.02115095340052829;0.02118903398513794
0.034855213413262365;0.03485769405961037
0.04117868307684875;0.043444305658340454
0.04342877659641277;0.04354286193847656
0.08017657281762819;0.08893969655036926
0.0019594374342824686;0.0019598007202148438
0.06097444758856945;0.06618788838386536
0.07327409588564815;0.08933833241462708
0.05488580022714785;0.06285405158996582
0.10015928496675111;0.11261048913002014
0.05947595870755818;0.07555758953094482
0.04194570357034501;0.042308807373046875
0.06681650474847509;0.07902514934539795
0.1071089610803117;0.11586859822273254
0.05665515929252645;0.0685674250125885
0.055296041402422294;0.06384563446044922
0.06224424882645715;0.0717850923538208
0.10545790742730844;0.10741615295410156
0.03509520331487277;0.035627663135528564
0.06665591511178384;0.06804752349853516
0.09565407469024971;0.10781577229499817
0.032871332327147715;0.032871246337890625
0.0325847227904795;0.03268241882324219
0.057609662984047086;0.0665121078491211
0.04548874825501804;0.05497252941131592
0.08821976795479575;0.10496664047241211
0.05719961440396132;0.06132546067237854
0.1080196361272002;0.10880279541015625
0.0472989513773598;0.050484657287597656
0.10996545555710252;0.12449797987937927
0.07825366228733083;0.08585533499717712
0.06182331457429974;0.06993487477302551
0.07324753964683549;0.07556529343128204
0.07835820662035137;0.09370309114456177
0.000280062461536893;0.0002803802490234375
0.08174140043691054;0.0838194191455841
0.05106296635090407;0.05130290985107422
0.08579890045928772;0.09361934661865234
0.07497425741361902;0.09144976735115051
0.06216378832771405;0.06948187947273254
0.01873192255853957;0.018909484148025513
0.03373791101440154;0.03464868664741516
0.09160326172194291;0.10115575790405273
0.05328779077618783;0.06113111972808838
0.048572799867997084;0.04889395833015442
0.0955304885934358;0.09821608662605286
0.06251060502452706;0.07037070393562317
0.06291602636429544;0.07091578841209412
0.12773371799336442;0.1484842598438263
0.06707739982558503;0.06937885284423828
0.07250361834470952;0.09312907606363297
0.04970396435813744;0.050972938537597656
0.04655852808679741;0.051414698362350464
0.06820819551255945;0.07398223876953125
0.06847226118551526;0.08631923794746399
0.01203563313096267;0.012088388204574585
0.07468042977945906;0.08447027206420898
0.058504817941661146;0.07870998978614807
0.04905323568760829;0.06385612487792969
0.015725842621539216;0.015726089477539062
0.029370142835718642;0.02937796711921692
0.08839976746323482;0.0977621078491211
0.11529090695126688;0.12227335572242737
0.002532652356653914;0.002532958984375
0.12134981975937424;0.13462921977043152
0.009286600593016938;0.009303867816925049
0.0844575739504026;0.09366613626480103
0.09558072197907386;0.11194106936454773
0.09257938168082465;0.095977783203125
0.06830794588354248;0.07597625255584717
0.10232844409348484;0.11235049366950989
0.04018802298676599;0.04036042094230652
0.11356350588293428;0.15508082509040833
0.09159904964721584;0.10845568776130676
0.06129938790761229;0.06793880462646484
0.05698477948672079;0.05894091725349426
0.006072672716712739;0.006072998046875
0.11475594351524122;0.11680793762207031
0.053772021724407905;0.05733972787857056
0.0731274505187967;0.08603456616401672
0.0034129371893246423;0.0034132003784179688
0.011922793513566636;0.011922866106033325
0.07450133985365799;0.07568934559822083
0.05079572869306578;0.05196213722229004
0.06440144820430094;0.06532096862792969
0.07096550163765389;0.07486534118652344
0.13435726220811528;0.1386394202709198
0.09610914586947056;0.09676650166511536
0.03867321883866488;0.03943061828613281
0.13016327779919715;0.13286975026130676
0.03735576387389616;0.03836512565612793
0.05160114392679256;0.06481608748435974
0.09088802115585289;0.0921792984008789
0.11523650395401687;0.11842823028564453
0.06292162696883827;0.08039548993110657
0.06030926942360809;0.06559666991233826
0.06823013691703773;0.09355539083480835
0.08005203816425778;0.09028339385986328
0.03686213885526848;0.03766825795173645
0.060752873151295385;0.07059746980667114
0.07210506897232619;0.08525806665420532
0.05449464937728534;0.06638336181640625
0.03245312896309727;0.03349095582962036
0.04722621558896807;0.05121249705553055
0.08479911589891966;0.097259521484375
0.00017108492748411607;0.000171661376953125
0.04926399141287064;0.05176165699958801
0.07001880196508985;0.07705211639404297
0.05512015385808543;0.05693286657333374
0.017950755003237163;0.017951995134353638
0.07998361691430664;0.08984047174453735
0.009568569891442502;0.009569168090820312
0.0174010222009994;0.017436981201171875
0.063634267700733;0.07622241973876953
0.02281365193551665;0.0230109840631485
0.1021776117208098;0.10602852702140808
0.006938981302785133;0.006939888000488281
0.06342601374716572;0.07667678594589233
0.017621621011595805;0.017682284116744995
0.06932093094618472;0.07508471608161926
0.0669345964411006;0.0872354507446289
0.03330940606093375;0.0333099365234375
0.045717835676861676;0.04647636413574219
0.059014702571047135;0.06337657570838928
0.08953053210894747;0.10115578770637512
0.05795119268185112;0.07589375972747803
0.06853923872471364;0.07038021087646484
0.023836265429495598;0.02383708953857422
0.05837814441709747;0.07779976725578308
0.06312663115632389;0.0702863335609436
0.07564241978401993;0.08806324005126953
0.05946100598553245;0.0719318687915802
0.05622037615725156;0.06735897064208984
0.058088788730330715;0.059423476457595825
0.07351802022746305;0.0788412094116211
0.006184256878792346;0.006190299987792969
0.06574177404842635;0.07325742393732071
0.062011986995925826;0.07685178518295288
0.060006630487149944;0.07846930623054504
0.036874909992984546;0.03690341114997864
0.07991436894942937;0.08946114778518677
0.029535235766028515;0.029548674821853638
0.04927220968543765;0.058330535888671875
0.06870255051752558;0.07531455159187317
0.08835780114774754;0.09365275502204895
0.06330190111271625;0.08316218852996826
0.04240425071687125;0.042600587010383606
0.04851183983861633;0.062079112976789474
0.07924492555018975;0.09668414294719696
0.09630993284167824;0.09831908345222473
0.046126657684951305;0.047829657793045044
0.0657062898470956;0.0783558189868927
0.03009150396943636;0.030095398426055908
0.061940454767838285;0.062482863664627075
0.06096967635794376;0.07201388478279114
0.06737514899338531;0.08670535683631897
0.0019416916241896268;0.0019417525036260486
0.09188903050497779;0.09490680694580078
0.006021868085402953;0.0061073899269104
0.008131981920242124;0.0081329345703125
0.05744601426779161;0.060271263122558594
0.022177723119814613;0.022572696208953857
0.0941610390845225;0.11073142290115356
0.08606691993768671;0.09864643216133118
0.012170067015095822;0.012170791625976562
0.06461280421239485;0.06696799397468567
0.054697078878363996;0.06364476680755615
0.05726417226756068;0.07116824388504028
0.09634914245332965;0.09981155395507812
0.06037754826111743;0.08360007405281067
0.06474808032156287;0.08445215225219727
0.09437862245497776;0.10179618000984192
0.10198160293461439;0.12318584322929382
0.03536722015492135;0.037884265184402466
0.039386336651287636;0.04068365320563316
0.08090960773701295;0.08275607228279114
0.07849633238087227;0.11334571242332458
0.03084933844029218;0.03085041046142578
0.05077144109725793;0.05567449331283569
0.14884190867895727;0.1516094207763672
0.03186680315086748;0.0318756103515625
0.1095185786367354;0.11726563423871994
0.10085599658398213;0.11784127354621887
0.015107689608207638;0.015858128666877747
0.03995976728942858;0.04225349426269531
0.07532045249744074;0.0842747688293457
0.0006247772044026421;0.0006640627980232239
0.024837933198812754;0.02483844757080078
0.03101991935094846;0.03104311227798462
0.01218811224990156;0.012188911437988281
0.030608080734642537;0.030609130859375
0.024571387181136113;0.024572372436523438
0.11053800819207862;0.12686777114868164
0.00525606842805224;0.00525665283203125
0.003035051642938817;0.0030355453491210938
0.10081777406472596;0.10683444142341614
0.07953793848789453;0.08286955952644348
0.0640129418996565;0.08928492665290833
0.10460600002769753;0.10793426632881165
0.06183043507356193;0.06534275412559509
0.09142192710701569;0.09833291172981262
0.08070572502755691;0.08438494801521301
0.06422307429186132;0.07034587860107422
0.04051492358138817;0.04079627990722656
0.11383295937616746;0.1144285500049591
0.14023026674138497;0.15364554524421692
0.0661425797407169;0.07098501920700073
0.09332301340776725;0.10376358032226562
0.05940716520396684;0.06562423706054688
0.08027952241852815;0.08447027206420898
0.012269506740411135;0.012271881103515625
0.05008457628216709;0.05084514617919922
0.057586220919490165;0.06711769104003906
0.06019439352617765;0.07408809661865234
0.10395092684879965;0.10871315002441406
0.0682279347467387;0.07876303791999817
0.13633916293199683;0.1389932632446289
0.02142383908606453;0.021424293518066406
0.10559113604590821;0.11209869384765625
0.03614139389767425;0.036142293363809586
0.07155236094136982;0.08559650182723999
0.06612820546902455;0.0790262222290039
0.05663295488969856;0.06315035372972488
0.06279309867256894;0.06799030303955078
0.070350536491283;0.07258513569831848
0.0054632295141675506;0.005463600158691406
0.01979519125399895;0.01979735493659973
0.058165553036935394;0.06628993153572083
0.03923892098545253;0.03945732116699219
0.0550900944994276;0.06355670094490051
0.08913091317040585;0.09385588765144348
0.0702502002174106;0.0774310827255249
0.06338965883707552;0.06903934478759766
0.003702278223913052;0.0037031173706054688
0.15048100380876042;0.1696358025074005
0.014343128708574066;0.014522552490234375
0.0662363637269831;0.08177950978279114
0.005264659725639879;0.005265235900878906
0.005087380941011032;0.0051422119140625
0.09742264354382747;0.10526561737060547
0.07337481007232066;0.07520008087158203
0.04574008089746295;0.0505983829498291
0.06389289081293872;0.07945060729980469
0.029537588772879413;0.02953818440437317
0.06328259278973997;0.07606551051139832
0.01599384163986361;0.015995025634765625
0.0027165272732901347;0.0027179718017578125
0.06754775497016895;0.07121849060058594
0.06795621301362333;0.07287788391113281
0.01809099687463005;0.01809212565422058
0.01675069762303234;0.01675128936767578
0.09323978878868616;0.09905396401882172
0.06558176103683204;0.08610916137695312
0.10894618465572908;0.1091318428516388
0.03080281550689586;0.030803678557276726
0.07093086506897761;0.08007287979125977
0.041785995957141366;0.04478934407234192
0.06513632313781564;0.0667462944984436
0.07277739147073185;0.07675457000732422
0.0218849819577112;0.02188587188720703
0.011396908277947884;0.0113983154296875
0.07405130009782027;0.0779571533203125
0.004844657933149004;0.00484466552734375
0.042085514699529765;0.048478126525878906
0.06060683565545606;0.07131293416023254
0.10752272811660926;0.11542418599128723
0.031273123772471156;0.032245174050331116
0.045392301210665856;0.04579448699951172
0.027381723327962633;0.028268158435821533
0.020486593554798035;0.020486831665039062
0.12180571227730094;0.13921955227851868
0.012072606148306778;0.012072563171386719
0.05043649050774314;0.05237102508544922
0.07384556196220579;0.08286887407302856
0.04290971862819517;0.04452991485595703
0.054484583819207975;0.055728912353515625
0.09136875098413474;0.09148025512695312
0.09208504503388709;0.1046600341796875
0.011268712725588523;0.011269569396972656
0.009118701013475474;0.009173423051834106
0.10883015691653854;0.10884478688240051
0.03968046740466095;0.04285907745361328
0.05990952987960568;0.06489184498786926
0.037284033162255925;0.03829038143157959
0.07433369551639628;0.09818652272224426
0.06639334440207839;0.0678996741771698
0.07837661082599293;0.08817863464355469
0.05908834358402436;0.06603619456291199
0.08099849935854946;0.09397664666175842
0.06345350543291817;0.07038289308547974
0.09803225498497771;0.10556602478027344
0.05636516598630176;0.0637054443359375
0.02534952919558293;0.02534961700439453
0.06361275816340721;0.07239910215139389
0.07869529009200998;0.0841846764087677
0.08453834588523709;0.08729710429906845
0.07166908834161917;0.0716715157032013
0.004495283849819958;0.00449565052986145
0.0830495882637252;0.10154455900192261
0.02046738855031068;0.0206945538520813
0.08365261752950985;0.08640578389167786
0.021669527514469617;0.021669387817382812
0.0759555306826516;0.08701229095458984
0.06566264403353153;0.08562743663787842
0.09293286303378653;0.10530760884284973
0.051843295099757034;0.05312538146972656
0.013026758392371603;0.013130664825439453
0.05997501017583073;0.06246379017829895
0.0033824223044757007;0.0033826828002929688
0.13645885639012814;0.15417098999023438
0.027719449959040392;0.02772808074951172
0.0002782146632630113;0.000278472900390625
0.08789716884767096;0.08930577337741852
0.06665715276751104;0.07711222767829895
0.191077633791529;0.2040785849094391
0.12904158250124706;0.13556483387947083
0.06296115041425743;0.06340217590332031
0.06336371668895067;0.07193848490715027
0.06696204039562867;0.0689382255077362
0.1352924432350859;0.13785746693611145
0.061136345121883276;0.06826472282409668
0.07704050472604491;0.09023851156234741
0.054488345705023866;0.05814364552497864
0.062433113438057256;0.0839146077632904
0.0399612389896642;0.0472412109375
0.009601297919754314;0.009601593017578125
0.04647539507459989;0.04876995086669922
0.03230109407672535;0.032303810119628906
0.05127825340628181;0.056313514709472656
0.07870915253295943;0.08003997802734375
0.035290097878407554;0.03529548645019531
0.08833330192594734;0.09384721517562866
0.06088241873658068;0.06273651123046875
0.06533368367404946;0.06921812891960144
0.07353598780121373;0.08417696505784988
0.0786759496050968;0.0829916000366211
0.08536924798813322;0.09780409932136536
0.04522065707539785;0.04543307423591614
0.037662865073736944;0.03789141774177551
0.11403062972547039;0.11494064331054688
0.06025306127085971;0.06163981556892395
0.034492802692404415;0.034493476152420044
0.012668812471480898;0.012669563293457031
0.072983965118626;0.07731414586305618
0.016014532653312173;0.016015052795410156
0.007309917810965988;0.007478952407836914
0.027535572910429792;0.027932941913604736
0.04469596229356235;0.04485321044921875
0.014071755308340596;0.014072448015213013
0.07859931402191792;0.09911158680915833
0.07701424700043596;0.08209612965583801
0.029796651562017197;0.029796600341796875
0.11510268776354117;0.11598369479179382
0.043173794515825537;0.04396335780620575
0.032848734218284735;0.03284931182861328
0.06338831066466272;0.06910201907157898
0.05895033501448514;0.06372547149658203
0.08292242799800119;0.08438494801521301
0.016175709362816967;0.016176223754882812
0.06479330949260464;0.07590866088867188
0.08210185177843025;0.09727305173873901
0.06240317918099812;0.07049846649169922
0.06407831429474396;0.06517219543457031
0.10204793357736612;0.12914109230041504
0.06436877588244316;0.0763300210237503
0.0702522809244389;0.09728962182998657
0.07431234987410539;0.08635425567626953
0.12487439506278904;0.13257694244384766
0.0550792442150893;0.06680580973625183
0.023455472360929357;0.02345561981201172
0.10905346742289942;0.13011640310287476
0.05646856781696167;0.07072833180427551
0.09175075661722933;0.09517860412597656
0.06423681204496348;0.0749378502368927
0.06287714632404913;0.08246520161628723
0.034778895387176385;0.03484070301055908
0.0711399424547911;0.07419967651367188
0.0015496357045271616;0.0015497207641601562
0.0061166357889952784;0.006197184324264526
0.0619152430409372;0.06424522399902344
0.04858964024969291;0.05460166931152344
0.07224008823289052;0.0843534767627716
0.07891282184097796;0.07985880970954895
0.06006356725801624;0.06916356086730957
0.05251567104283478;0.0638427734375
0.12031672754043776;0.12510016560554504
0.06802087555416803;0.07027438282966614
0.05968572077514411;0.06272787600755692
0.08143516472413206;0.08659842610359192
0.08717314995975173;0.0960417091846466
0.0033266976044682463;0.0033273696899414062
0.0963814514844653;0.09656429290771484
0.012927761692048104;0.012928038835525513
0.05514247954870576;0.06947869062423706
0.0020782812130841957;0.002079010009765625
0.07298608255161342;0.0791482925415039
0.07485521956096206;0.08064556121826172
0.04287886246827926;0.045328736305236816
0.03206981076718808;0.032733917236328125
0.015812836305368436;0.015855789184570312
0.0638719785849853;0.06565475463867188
0.12210777142397133;0.1290518343448639
0.08971333125796756;0.10115575790405273
0.07049147072066177;0.08258754014968872
0.0031878656589442345;0.0031881332397460938
0.08639068398181332;0.08934402465820312
0.10866487466337091;0.1177988350391388
0.05730746961924143;0.05804827809333801
0.02301507605585036;0.023043453693389893
0.12990457946238854;0.13342666625976562
0.04374748186431097;0.05190610885620117
0.01776578844524737;0.01776599884033203
0.0016873301987706708;0.0016880035400390625
0.05723076085841489;0.06047442555427551
0.13038202820531616;0.1522550880908966
0.0027059102551226333;0.0027065277099609375
0.063148252554337;0.08016857504844666
0.057726016004731075;0.06809622049331665
0.03925159172917232;0.041674792766571045
0.006044368579861593;0.006093025207519531
0.05283210888368304;0.05727046728134155
0.057400479686144736;0.0643625557422638
0.012615085967464176;0.012700200080871582
0.06591922456236045;0.0679045021533966
0.03831183627355116;0.038435012102127075
0.06736092422894965;0.07767653465270996
0.0580989280015571;0.06417371332645416
0.034781217312713074;0.034783363342285156
0.06474381537777062;0.06658551096916199
0.07913735526540965;0.0950222909450531
0.09276131567571543;0.10063433647155762
0.0756445714457744;0.0852670967578888
0.0416437676071224;0.04366782307624817
0.057197128034944276;0.0754690170288086
0.05544818486416902;0.06103995442390442
0.06253957583682875;0.06693556904792786
0.08559612273679043;0.11446097493171692
0.06066033531206824;0.06301403045654297
0.0729113467655615;0.0845670998096466
0.0953463308306793;0.09704875946044922
0.057655578646178936;0.06262806057929993
0.08002187979903104;0.08684059232473373
0.08842205896265698;0.09462451934814453
0.028768501672910052;0.028831511735916138
0.07961865665199463;0.08423522114753723
0.053430666263759766;0.055431067943573
0.06009148230141267;0.07551008462905884
0.07355621134427053;0.07795333862304688
0.07350376395848221;0.08495422452688217
0.0406131576036545;0.04152107238769531
0.059641238340039794;0.06534668803215027
0.08713023246145463;0.11346626281738281
0.007045022066875197;0.007045745849609375
0.0747257257437581;0.08447027206420898
0.1396964773933213;0.1414366066455841
0.05883567372946692;0.06489318609237671
0.07812432741796213;0.08004757761955261
0.04413327719860497;0.04465484619140625
0.06684243073282678;0.06796741485595703
0.015957834844621044;0.015957951545715332
0.028877143678934673;0.028878211975097656
0.09023300393855914;0.09795475006103516
0.08031679000545618;0.08137896656990051
0.0589594648267186;0.06445431709289551
0.0836292324122328;0.0853852704167366
0.03174783004302796;0.031887054443359375
0.018533029088272843;0.01853466033935547
0.03979833136837739;0.04247283935546875
0.07867455208351273;0.09285739064216614
0.07439897026429637;0.07977747917175293
0.04032228735400595;0.04080203175544739
0.07698405373196748;0.08172228932380676
0.10686722454892339;0.11120414733886719
0.026769856614262295;0.027696609497070312
0.06851990229837207;0.07942774891853333
0.041033232562934105;0.04397869110107422
0.0010677798557849792;0.001068115234375
0.002309994640486795;0.0023099780082702637
0.06394485346302636;0.0653562843799591
0.012151492970370055;0.012151718139648438
0.06344912565697475;0.06531906127929688
0.04645227022918234;0.047150611877441406
0.06412547767375884;0.08059978485107422
0.05918708167751248;0.0704050064086914
0.09639364895107119;0.10845565795898438
0.026492454449205914;0.02653220295906067
0.08649450727639382;0.10448455810546875
0.05771104678924182;0.07442477345466614
0.04701546508004867;0.052969008684158325
0.0057327798871321485;0.005733489990234375
0.09559308234546952;0.10510143637657166
0.06835188753524477;0.07488611340522766
0.04575711077468602;0.04625892639160156
0.10643339932243295;0.12306022644042969
0.07052589336261343;0.07115080952644348
0.07193875693456478;0.07748027890920639
0.06283192823539645;0.07806667685508728
0.0749915577162817;0.08602100610733032
0.016215525801633556;0.01621532440185547
0.06126169077341661;0.06286624073982239
0.07096215384909627;0.07742434740066528
0.05812869410093288;0.059954673051834106
0.022947776208648032;0.022951126098632812
0.07891283342069358;0.08709239959716797
0.06701166663809739;0.06800559163093567
0.06830292447055251;0.07492053508758545
0.039047978956243116;0.04120713472366333
0.08465724559298334;0.08805179595947266
0.05793629210669344;0.07716173678636551
0.048343413662011996;0.06096404790878296
0.058183417462100144;0.06589315086603165
0.044054413568881935;0.04715228080749512
0.082148726257697;0.08556082844734192
0.039369710928554416;0.05010378360748291
0.08104933957813883;0.08205119520425797
0.03336219767679924;0.033444762229919434
0.07241418917150194;0.08393710851669312
0.04520025201383142;0.046324681490659714
0.06787698398869779;0.08437424898147583
0.06299506564371321;0.08741755783557892
0.03840267566196849;0.039645154029130936
0.04360762600844474;0.05383408069610596
0.08921616216181284;0.09659666568040848
0.05861243263519407;0.07134532928466797
0.05203562490154434;0.05276203155517578
0.03529066070656744;0.03529071807861328
0.07073573223848938;0.07743111252784729
0.1095282189477524;0.10975268483161926
0.0004026348789263841;0.00040340423583984375
0.09163530058638893;0.09603691101074219
0.0193714143557827;0.019372940063476562
0.07690718601782108;0.0914757251739502
0.07105736669818324;0.0864124596118927
0.0342707542066752;0.03430938720703125
0.05526313242557062;0.059554100036621094
0.08099267748853635;0.09906944632530212
0.13440454571910607;0.13843634724617004
0.019093558545564257;0.01913928985595703
0.03477334897692897;0.03596508502960205
0.025183801099499022;0.026185035705566406
0.07889330877166806;0.0898866057395935
0.029501173295354493;0.029511690139770508
0.044150922148168105;0.04560839757323265
0.07836937851124598;0.08836272358894348
0.055420371143204215;0.056105609983205795
0.12803275480954868;0.12920096516609192
0.0046636975470407595;0.004664421081542969
0.062360499175065594;0.06563857197761536
0.07806086544107636;0.0832512378692627
0.006186331271404762;0.006186485290527344
0.015727014220860907;0.015722274780273438
0.043324287839907084;0.04409307241439819
0.0104818657285177;0.0104827880859375
0.10599862364444175;0.1085672378540039
0.06269712255808307;0.07115116715431213
0.0601998843883313;0.06310653686523438
0.052925010142687495;0.060272216796875
0.07165495481262578;0.07542896270751953
0.004437223993890064;0.004437476396560669
0.046829503093355845;0.05062773823738098
0.07594034967080492;0.0927143394947052
0.05355418209697616;0.0692141130566597
0.06186902641044211;0.06272318959236145
0.06745908345558654;0.08451461791992188
0.09974019000691282;0.10889999568462372
0.017406381562385845;0.018081992864608765
0.08766329461617517;0.09990981221199036
0.012575965942562014;0.012636184692382812
0.08583522672106414;0.08660125732421875
0.0066108217844982825;0.006697297096252441
0.08442591137787596;0.09401705861091614
0.05533924387194312;0.05737975239753723
0.09325725000807758;0.0960540771484375
0.05669008189872682;0.06590083241462708
0.021322425849541887;0.02132323384284973
0.02789915014460529;0.02794259786605835
0.0645533852959682;0.07913970947265625
0.021938924689034044;0.02193927764892578
0.040330917114388055;0.0439949631690979
0.015447153377184282;0.015705108642578125
0.005428825843509265;0.005429267883300781
0.06157961256040048;0.06678774952888489
0.02814261439710517;0.028682976961135864
0.12703907875732323;0.12737849354743958
0.08928864874147276;0.11054137349128723
0.09216016126578748;0.11586964130401611
0.020268865044484823;0.020269393920898438
0.10486595807738341;0.12587442994117737
0.012115244916463928;0.012189865112304688
0.09074659324643987;0.09700682759284973
0.08376071832166289;0.08846279978752136
0.05530062331700533;0.058029115200042725
0.06923966492961955;0.07361701130867004
0.08854110620879707;0.09190654754638672
0.08369128838343098;0.08596709370613098
0.006974421218735993;0.0069751739501953125
0.05930697557794345;0.06813430786132812
0.0743231605402297;0.08102130889892578
0.14370293343732066;0.15137574076652527
0.0033705081702498983;0.0034636855125427246
0.053282612432024985;0.05846214294433594
0.04295253817348933;0.049224406480789185
0.0561667068492848;0.07422679662704468
0.06613725950929625;0.0773099958896637
0.0055064399809836686;0.0055065155029296875
0.062152947707991124;0.06895637512207031
0.09624294543894961;0.11556339263916016
0.09103107033773328;0.09772208333015442
0.05698687569841707;0.06950592994689941
0.08373222146598101;0.09377925097942352
0.040460900570443215;0.041117697954177856
0.019201820028494784;0.019202232360839844
0.06162846071672915;0.06352901458740234
0.05511082887646646;0.07313713431358337
0.0614749963323556;0.06305313110351562
0.08051630744611397;0.08255386352539062
0.07232510481190021;0.07865715026855469
0.037222868170830876;0.039740920066833496
0.06756739655717578;0.07576850056648254
0.05828956509946799;0.06377887725830078
0.12218884185448614;0.128400057554245
0.0634004438685251;0.06546694040298462
0.06639500711086509;0.06813430786132812
0.09043421151797122;0.0920276939868927
0.036304301643931856;0.036746859550476074
0.023650179185271965;0.0237276554107666
0.055866921220035906;0.060575395822525024
0.05429713793539532;0.05706027150154114
0.05331591207956524;0.06770455837249756
0.05906222377521552;0.0655813217163086
0.11752860476384064;0.1307535469532013
0.07581839493732596;0.07682609558105469
0.07749036966864732;0.0783548355102539
0.015705454850240216;0.01570606231689453
0.07403072422586864;0.08019259572029114
0.04787413272497244;0.05374807119369507
0.07903271045709341;0.08931925892829895
0.06167415986938535;0.06406310200691223
0.06175967427771828;0.06326201558113098
0.0861410416839577;0.09545910358428955
0.10209262651379396;0.11024805903434753
0.07037806434154027;0.07521338015794754
0.06392258354369093;0.07240834832191467
0.020789556099722942;0.02082061767578125
0.009462661063772972;0.009463310241699219
0.010000281098368945;0.010000228881835938
0.08872858203850022;0.0944242775440216
0.039410494747143913;0.03957557678222656
0.014168568716944215;0.014169692993164062
0.013502961810470821;0.013503074645996094
0.01982959107953386;0.01983165740966797
0.04990862744822204;0.05316638946533203
0.03296780470012868;0.03303337097167969
0.07425587899681349;0.07670116424560547
0.04675532170300042;0.05049896240234375
0.06408923256534214;0.06651782989501953
0.06120609333493993;0.061760902404785156
0.11090518875225827;0.11320117115974426
0.0384560576387001;0.038580894470214844
0.06445687581680741;0.07215243577957153
0.03693341870589686;0.03747749328613281
0.024985941088163474;0.02498626708984375
0.02426110242865834;0.024261474609375
0.04568235208567267;0.0527639202773571
0.05547679224909729;0.07024681568145752
0.09421560817750281;0.11046141386032104
0.04890796120995483;0.06363505125045776
0.06475623079935008;0.06651973724365234
0.07308374385643729;0.08776187896728516
0.0699752609372301;0.08512195944786072
0.022237165159548326;0.02225017547607422
0.006321929182666004;0.006321936845779419
0.060774691086980345;0.07309898734092712
0.06914167736569465;0.07627865672111511
0.052551303316084756;0.05609354376792908
0.10336357173871104;0.12822288274765015
0.0042033062972469;0.004253029823303223
0.1003426619337316;0.11428645253181458
0.09198714265461251;0.1078338623046875
0.06744686499614147;0.07756045460700989
0.052716868908522695;0.057885169982910156
0.0339413847918979;0.03427264094352722
0.0746851646616909;0.0816211998462677
0.05937200887024949;0.07160639762878418
0.08285898661138508;0.09549346566200256
0.10295835849144702;0.12473484873771667
0.03962537652977099;0.03999808430671692
0.08474817094593555;0.08534908294677734
0.0667634532201523;0.07310771942138672
0.003251952904391911;0.0032520294189453125
0.0431325555694531;0.04829883575439453
0.06706998152169079;0.06853392720222473
0.09615952116311567;0.10496997833251953
0.016528839147562722;0.016529083251953125
0.1003224256757655;0.107574462890625
0.041811993157063604;0.04285240173339844
0.08285784783152261;0.08568286895751953
0.05470192486272517;0.05921906232833862
0.009652740280953006;0.009653091430664062
0.06679886020637904;0.09170502424240112
0.047265052680421304;0.05242919921875
0.048250869197028985;0.05373615026473999
0.0907285317952094;0.10428276658058167
0.10634488437069058;0.11746776103973389
0.05993663230282018;0.07237720489501953
0.08466053297074799;0.08524039387702942
0.06371899176986953;0.06758689880371094
0.012907038886168527;0.012907028198242188
0.09657562674162974;0.09959414601325989
0.0592524927426809;0.06044197082519531
0.045883672001039565;0.04624369740486145
0.03752090220378393;0.0375213623046875
0.0038690613697979605;0.00387004017829895
0.11791848057358402;0.1253376007080078
0.02058339867747242;0.0205841064453125
0.010957611531321665;0.0109577476978302
0.031091428823066102;0.031091690063476562
0.05239809921074255;0.05524647608399391
0.04725197957451093;0.05210062861442566
0.13207383217148835;0.14190828800201416
0.0928157082717047;0.09755706787109375
0.0717459587712213;0.08356952667236328
0.06372884845374309;0.06777766346931458
0.047825091491430556;0.05047035217285156
0.08432723999667407;0.08472540974617004
0.08145308853807394;0.10436570644378662
0.012436530591705183;0.012437820434570312
0.12503810692345174;0.1346207857131958
0.02276061043312162;0.02276134490966797
0.07285211008149846;0.07723522186279297
0.06672164896525029;0.06961441040039062
0.0662473455405394;0.07435840368270874
0.021819555462834428;0.021821975708007812
0.051488634032461386;0.05296310782432556
0.06827208411699325;0.06995013356208801
0.06957195537650245;0.07435145974159241
0.0860533662423066;0.08709338307380676
0.06718551012134295;0.08142855763435364
0.009544376426728585;0.009545326232910156
0.022379221853517577;0.022380828857421875
0.033212583238443824;0.03321266174316406
0.028156449431686353;0.02836325764656067
0.07826538013340387;0.08306410908699036
0.007536608355144656;0.007534027099609375
0.025904189404941873;0.02590465545654297
0.08217585294979154;0.10650865733623505
0.056234477098682394;0.05693626403808594
0.0702677584664222;0.08209800720214844
0.07764248105150434;0.08131980895996094
0.030148054696401295;0.03014850616455078
0.016034326357491666;0.016035079956054688
0.08799565765705783;0.10623550415039062
0.032627654672285865;0.03262901306152344
0.07908711340610107;0.08164027333259583
0.08229222707285948;0.08252432942390442
0.07253741211913615;0.09186196327209473
0.09143842920722987;0.09200671315193176
0.011813924443058937;0.011815071105957031
0.15282400988891895;0.16581204533576965
0.023923107716765358;0.0239984393119812
0.042146024093001014;0.045311927795410156
0.015419362435553882;0.015519380569458008
0.01560584744501515;0.01573657989501953
0.04898589770651231;0.06280139088630676
0.1103726930844762;0.11745834350585938
0.0015311740571419213;0.0015316009521484375
0.049865944839081376;0.05093768239021301
0.07184374587438745;0.0810079574584961
0.08059087659649974;0.08173850178718567
0.11880340435613156;0.1446075737476349
0.06572296714800815;0.07104268670082092
0.0926676041513614;0.09801667183637619
0.05543316997384643;0.05916851758956909
0.002780392842125206;0.002780914306640625
0.02304355299931393;0.02304448001086712
0.09917223430335552;0.09975814819335938
0.030693145906032237;0.03070160187780857
0.06385165730831971;0.06999325752258301
0.06587112886945684;0.06656166911125183
0.055177002982049264;0.05585956573486328
0.004536119292383858;0.004536628723144531
0.06270980463819292;0.06933274865150452
0.09524277960908281;0.11157095432281494
0.049223671104104735;0.054583579301834106
0.01671213331702272;0.017038345336914062
0.012054052622025132;0.012087225914001465
0.08242178110561686;0.09550914168357849
0.05232416085975301;0.05353635549545288
0.07939374555459315;0.09004974365234375
0.07747762484190715;0.08171561360359192
0.02985469033533865;0.030269622802734375
0.19186054079754766;0.19774684309959412
0.09951120387559098;0.12352254986763
0.11098407031462248;0.13121694326400757
0.0536714598978993;0.0625656247138977
0.10954111855173479;0.1240922212600708
0.04728714510928573;0.05418398976325989
0.0719526997681055;0.07323621213436127
0.060767789380719806;0.0725564956665039
0.07619766933478014;0.09698441624641418
0.08268670463221085;0.08908271789550781
0.04458336056206862;0.045296698808670044
0.07414730804183874;0.09267327189445496
0.0490334964726393;0.05009940266609192
0.010251367071572638;0.010251998901367188
0.08099150371777075;0.08167457580566406
0.029103760833060308;0.029224395751953125
0.05970527656004673;0.06838417053222656
0.05976461504159105;0.06469061970710754
0.055943619116636895;0.060675397515296936
0.08313807495421194;0.10010886192321777
0.07780833050530143;0.08054354786872864
0.0030882329548943014;0.0030889511108398438
0.015224414452378172;0.015339851379394531
0.031116290341095015;0.03201323747634888
0.07853503537016399;0.08461125195026398
0.06379355931427104;0.06529617309570312
0.082202730314279;0.10376289486885071
0.07332599668949973;0.07905006408691406
0.06701148402181409;0.07262986898422241
0.06573939460615458;0.08798989653587341
0.019058723596611142;0.019059181213378906
0.042752954708343616;0.05164682865142822
0.058316147764843784;0.07671761512756348
0.07819907619302525;0.07944586873054504
0.14611215722257728;0.15572035312652588
0.051436436975065475;0.05197334289550781
0.09774805811502134;0.10435107350349426
0.09120172754890972;0.10402360558509827
0.046449181173013124;0.04898837208747864
0.04737101157243156;0.05149364471435547
0.07014321262603815;0.07353690266609192
0.07008015694297044;0.07599639892578125
0.09850947596279636;0.1028909981250763
0.007181798026084769;0.007182121276855469
0.05355269205410982;0.05589485168457031
0.06028313373504542;0.07508471608161926
0.046421869739599435;0.047662436962127686
0.049898045717492776;0.05085861682891846
0.06094868868671637;0.06267741322517395
0.004031444609753852;0.004032135009765625
0.09407591789396902;0.10374259948730469
0.04472245452128557;0.050080299377441406
0.012659066374107625;0.012660026550292969
0.062233310436654386;0.06633856892585754
0.10322346245882126;0.10750770568847656
0.08166547975002501;0.0935870110988617
0.06301558013176378;0.06735801696777344
0.0603774611105992;0.07087138295173645
0.06956454287875805;0.07247069478034973
0.0785356037890728;0.07854080200195312
0.04326188771943284;0.044057875871658325
0.037301756126132866;0.037409812211990356
0.0005133901482346853;0.0005140304565429688
0.08348865644023275;0.09231948852539062
0.050283853134702204;0.050618112087249756
0.052912722857787295;0.05453389883041382
0.03863507782533655;0.0403064489364624
0.12374713063656324;0.1343134045600891
0.05140043300370255;0.05925941467285156
0.03668331633256719;0.039887912571430206
0.03345742423581493;0.03345775604248047
0.04594094590639295;0.05830651521682739
0.06804396738262417;0.07279494404792786
0.08637485215799443;0.09044933319091797
0.006354086298807344;0.006396681070327759
0.05967639453937743;0.0719156563282013
0.06144760487086693;0.06402972340583801
0.08238053217146961;0.08585929870605469
0.052773153516032664;0.05599077790975571
0.02226924584059323;0.02236754074692726
0.06699710078973443;0.0892491340637207
0.09844126457617913;0.09860041737556458
0.0072639375986074395;0.007267177104949951
0.02243970116320772;0.02293914556503296
0.049480947237345634;0.054584503173828125
0.0061508776129397275;0.0061511993408203125
0.07557631307084178;0.08578017354011536
0.033720720351734186;0.033720970153808594
0.07344267172672445;0.08296863734722137
0.045579563070772385;0.053063422441482544
0.06937026731600711;0.07323932647705078
0.12887245071416567;0.1348743438720703
0.03806520884327544;0.042476773262023926
0.07189462000890802;0.07424071431159973
0.06246715681194437;0.0728302001953125
0.05622664614272316;0.06938362121582031
0.07352360321371844;0.08808326721191406
0.04084509001660438;0.04296451807022095
0.059482209644487104;0.0761822760105133
0.1067337967150919;0.12372821569442749
0.056677899080006186;0.05910778045654297
0.0941497320246891;0.09594061970710754
0.030616958104274724;0.03321036696434021
0.1004279332411389;0.10685732960700989
0.08699493853988968;0.0980614423751831
0.05237088167578818;0.05577567219734192
0.039433312626311015;0.03943532705307007
0.06876944056220655;0.07953891158103943
0.07307423699817513;0.07977750897407532
0.02400636889918298;0.02400687336921692
0.06617351689543034;0.07972249388694763
0.014598987170294654;0.014599800109863281
0.07900667774839376;0.09404128789901733
0.05101368108853327;0.06559566408395767
0.022395793068782855;0.022396087646484375
0.08147966479344645;0.10044577717781067
0.05885239144277892;0.07588517665863037
0.05818053416917605;0.07467368245124817
0.0729884829703129;0.07655620574951172
0.0794318369906684;0.08138564229011536
0.010050118371301698;0.01009860634803772
0.06263802350814311;0.07009890675544739
0.046532411694714;0.04653933644294739
0.06348967306993165;0.09234222769737244
0.009011313405218307;0.009012222290039062
0.019803587124646582;0.019808709621429443
0.003452457526976709;0.0034532546997070312
0.057928907402384676;0.07190322875976562
0.06054134643381255;0.0819864273071289
0.09666434785846972;0.09986686706542969
0.09828442216080605;0.10575005412101746
0.08881687404261203;0.11501723527908325
0.057968733655619775;0.05835038423538208
0.07223398953526972;0.0732278823852539
0.017358581297609487;0.017358779907226562
0.14456225807868092;0.1496257781982422
0.10318514399696715;0.1298874318599701
0.01868455316825546;0.018693923950195312
0.06251055218241738;0.0821090042591095
0.055952903139697405;0.06425526738166809
0.10563924136138635;0.10957053303718567
0.08379774947559655;0.08931919932365417
0.09957276682273077;0.10249996185302734
0.06948279851276913;0.07219508290290833
0.12934051255498644;0.13334563374519348
0.09408911670143337;0.10358467698097229
0.06830604178794317;0.07044219970703125
0.07644272899411926;0.08999454975128174
0.07208394236399022;0.07892322540283203
0.03681783476270706;0.03684714436531067
0.036376723370258414;0.03781867027282715
0.08628284689915112;0.09809303283691406
0.05216472406316502;0.05848070979118347
0.09422402975434403;0.09717649966478348
0.08565366400200208;0.08664703369140625
0.02982268070407032;0.029928594827651978
0.060903637389354705;0.06763184070587158
0.05365526985443867;0.054714202880859375
0.009065168241849157;0.009065628051757812
0.07062584340442296;0.08673095703125
0.09428256308297768;0.10092318058013916
0.08750811175135353;0.08808422088623047
0.019754759601822387;0.01975536346435547
0.0803776609364074;0.09009933471679688
0.04518385751998961;0.04696372151374817
0.012385894007906729;0.012386322021484375
0.0607446094319636;0.06371021270751953
0.07910247873643363;0.08881473541259766
0.07530532740627124;0.08642563223838806
0.014520334274011221;0.014860227704048157
0.06897156375498519;0.08663180470466614
0.08149025612369523;0.09486010670661926
0.13986847954662635;0.15295031666755676
0.05314696679087743;0.05389595031738281
0.06611532479588697;0.07903674244880676
0.07164409145626688;0.07627108693122864
0.04540418329286545;0.04764583706855774
0.09754184867062064;0.11262425780296326
0.01923184157026432;0.019468307495117188
0.05345029904130734;0.05626487731933594
0.10769895308983488;0.12705284357070923
0.024126536683037412;0.024215757846832275
0.07636508041321649;0.0778970718383789
0.0447878182480862;0.04600578546524048
0.10492357443567311;0.10522273182868958
0.04013615396562731;0.040191650390625
0.05835774174487542;0.07405814528465271
0.012148254800638475;0.012216687202453613
0.02105779715466118;0.021058082580566406
0.08985222567086558;0.0969400703907013
0.07150706765834416;0.07843062281608582
0.005414270932949112;0.0054149627685546875
0.06378588390796228;0.06639671325683594
0.0007287273015711512;0.0007295608520507812
0.016295081325730782;0.016295433044433594
0.05339595653203878;0.05528262257575989
0.1045398800220572;0.12201264500617981
0.04403665718622279;0.057668328285217285
0.03629427346769135;0.036309242248535156
0.0624210054074053;0.07355785369873047
0.11178425015665662;0.11182501912117004
0.1117446976432705;0.1466389000415802
0.07986619085441801;0.08707523345947266
0.07637359305430401;0.08729270100593567
0.007927222685072236;0.007927894592285156
0.09030113973051546;0.0966653823852539
0.02753374089041854;0.02753925323486328
0.07720369998523312;0.07817459106445312
0.04436303907514411;0.044596701860427856
0.00015123097591196124;0.00015163421630859375
0.059782000269291515;0.0722217857837677
0.056450030418370094;0.071006178855896
0.06945199131802669;0.08127716183662415
0.0744151672358377;0.07458305358886719
0.002092810590859313;0.0020933151245117188
0.040677789498237464;0.040749162435531616
0.0609898705389884;0.0661802589893341
0.06807084313072183;0.06853000819683075
0.03341900878889866;0.03341865539550781
0.06062461660516486;0.07353270053863525
0.09056086941045978;0.09171295166015625
0.06847431897592553;0.07111549377441406
0.07699305761017022;0.08598330616950989
0.0194524737841103;0.019454002380371094
0.05633981077073263;0.07209721207618713
0.003510799883358563;0.0035114288330078125
0.04041824933054749;0.040954649448394775
0.05930258265772231;0.06305789947509766
0.07537004599291515;0.07899534702301025
0.053036094200891386;0.05463981628417969
0.0966811651868279;0.11016106605529785
0.05282996664151085;0.05411338806152344
0.08512440062994613;0.08836650848388672
0.12758538452211896;0.1468515396118164
0.030818357901358354;0.030965059995651245
0.07833666526216972;0.09330257773399353
0.0019671149757452375;0.0019674301147460938
0.05605783985352015;0.06661128997802734
0.054044374804586535;0.05542755126953125
0.06811470491280942;0.07271188497543335
0.10353956852875291;0.10954764485359192
0.07784623061743098;0.07943148165941238
0.09453178742751528;0.12475962936878204
0.08853427931593594;0.09403327107429504
0.017677090346328216;0.01767730712890625
0.05861030592281851;0.06135272979736328
0.039599340147578;0.047979652881622314
0.056730410735208646;0.07396313548088074
0.07711914453318322;0.08979856967926025
0.06098223868373607;0.0630168616771698
0.05365546556552321;0.05623817443847656
0.043990216970416225;0.04852011799812317
0.11349500937335039;0.12103179097175598
0.002511109438606829;0.002523675560951233
0.12174435685239028;0.13139823079109192
0.04097207436423471;0.0437297523021698
0.08398623409500926;0.08424949645996094
0.06397438550585728;0.0668516457080841
0.11165315325921728;0.13328826427459717
0.006734872368163525;0.006735801696777344
0.03387028870918832;0.03387165069580078
0.04671165379675594;0.0481281578540802
0.09851164067402254;0.10467910766601562
0.09007981400265293;0.11108988523483276
0.01010637351315685;0.010107040405273438
0.01908544804744867;0.01908588409423828
0.10914276766139736;0.11888408660888672
0.09088669020751905;0.0913534164428711
0.11527655323802553;0.11986830830574036
0.06685089433244486;0.07764217257499695
0.1255911009342533;0.13139820098876953
0.06249604459321746;0.07695996761322021
0.0714616850515512;0.07346156239509583
0.03837018598939454;0.04263937473297119
0.10163904173784881;0.11018288135528564
0.0533326693886032;0.06821051239967346
0.03641294725251298;0.037085533142089844
0.06532966387716542;0.07308104634284973
0.056906122612561845;0.05982585996389389
0.04860294723835807;0.049207717180252075
0.017362500545871674;0.017363514751195908
0.06668211849404354;0.07127180695533752
0.06185455157918339;0.07044696807861328
0.061930747977725686;0.06891345977783203
0.08479101848558308;0.09481081366539001
0.11642832184896658;0.14413359761238098
0.05923330798530526;0.07552626729011536
0.011995334262184718;0.011996269226074219
0.07126293617230386;0.07905781269073486
0.10758628742836226;0.1198868453502655
0.07232398683080231;0.08410647511482239
0.045690379720219006;0.049774169921875
0.03032942590949624;0.030330687761306763
0.0737414658833637;0.08129045367240906
0.08624547486188691;0.0902090072631836
0.0643758703511604;0.06543830037117004
0.10990450922532126;0.11731985211372375
0.0851043827774734;0.10026326775550842
0.0677462194218268;0.07168295979499817
0.018304018981606333;0.019095391035079956
0.0853159421558713;0.0965728759765625
0.045159955556983336;0.04516986012458801
0.05568470941040859;0.06488421559333801
0.10400812869978635;0.11366990208625793
0.06540898810733589;0.06757820397615433
0.0765501474589074;0.09506809711456299
0.09112910486169189;0.09719184041023254
0.061588942694275936;0.0629281997680664
0.09862526457464726;0.09939855337142944
0.06164908826426505;0.06200122833251953
0.06405087478620286;0.07754462957382202
0.08588689903573044;0.10175740718841553
0.07440722884328035;0.08763739466667175
0.08349416710339148;0.08755367994308472
0.0969395229323779;0.09798431396484375
0.049011691763860485;0.05916014313697815
0.13921461427690404;0.14307594299316406
0.07548791833233558;0.07972860336303711
0.05195973281887357;0.05291175842285156
0.07092226313539145;0.07688811421394348
0.0529548919535861;0.05486583709716797
0.05764290813652244;0.06482154130935669
0.07236746463223723;0.07442191243171692
0.00908331438648598;0.00908464565873146
0.06374477771359244;0.06602099537849426
0.08647740233367476;0.10102367401123047
0.019449001063102583;0.019662708044052124
0.04220621247574514;0.043608665466308594
0.025460199210884375;0.025460273027420044
0.06618010805636815;0.0704507827758789
0.12258858999127262;0.12706466019153595
0.050206487251469714;0.05213356018066406
0.055883883346380794;0.058121711015701294
0.03267269331665043;0.0333867073059082
0.054977683234519396;0.06667238473892212
0.03492287276191326;0.035182058811187744
0.06626806139135527;0.07158005237579346
0.09298358324749312;0.10256385803222656
0.04733735390231712;0.05896472930908203
0.06624091650108578;0.08718788623809814
0.036522467973539384;0.036529541015625
0.06260609710524326;0.07003328204154968
0.07568347486812825;0.07738116383552551
0.12517860239198497;0.12776947021484375
0.03503899969837227;0.03503897786140442
0.05756252612098628;0.05941393971443176
0.003631781283894195;0.0036973953247070312
0.015527491667794924;0.015527725219726562
0.0017913355504567895;0.0017919540405273438
0.05475814455738717;0.07229834794998169
0.025698660745563658;0.02579253911972046
0.06246818310357371;0.06454558670520782
0.005117789705722386;0.005118370056152344
0.02764045612755411;0.027875065803527832
0.011440287338056668;0.011441230773925781
0.1866465641487123;0.20194628834724426
0.026307062178894305;0.026311874389648438
0.06103330764325557;0.06846904754638672
0.05080159800377201;0.061657875776290894
0.06140728750439096;0.07516151666641235
0.07302981023280247;0.08101554214954376
0.07906076775025601;0.09368892759084702
0.06425751200004455;0.08178997039794922
0.012905908991449586;0.012907028198242188
0.09172101140658909;0.10219863057136536
0.08069372532818478;0.08515942096710205
0.12028972050876612;0.12443068623542786
0.09485817555419593;0.10812979936599731
0.06414865694420142;0.06608393788337708
0.05331703323727412;0.05702689290046692
0.011864466401698238;0.011902816593647003
0.06926170135266924;0.07453444600105286
0.07489144545233553;0.09840396046638489
0.08112496406816684;0.09167292714118958
0.0681683119911532;0.0682629644870758
0.055237441857277525;0.06936746835708618
0.052131042681251794;0.05274677276611328
0.08511814932271573;0.09474825859069824
0.07532807964738727;0.0820770263671875
0.010824694321631755;0.010874703526496887
0.1273272709635748;0.14020827412605286
0.06180444037022527;0.062429457902908325
0.16654122168123156;0.1732969582080841
0.09314527012554225;0.09559059143066406
0.07019739892189238;0.07514572143554688
0.03869528467608851;0.03904533386230469
0.009307021433550047;0.009307861328125
0.04498699937362316;0.045995235443115234
0.008228733576762074;0.008229255676269531
0.09400705037781014;0.11112171411514282
0.10776830387466807;0.12254619598388672
0.024265751069613723;0.02426624298095703
0.0700077224396538;0.07631111145019531
0.06720774043798484;0.07459798455238342
0.05975667659814886;0.06302723288536072
0.1045362951390596;0.11068060994148254
0.051066803024798074;0.061368972063064575
0.0691298379237097;0.07305243611335754
0.0925264371611414;0.10156341642141342
0.029036318488505634;0.02904510498046875
0.08302819754447212;0.08481025695800781
0.10249372701353525;0.11130332946777344
0.09361670311348351;0.09966468811035156
0.08913588050814754;0.09796208143234253
0.05531533124350423;0.07459831237792969
0.05599239790596116;0.06722164154052734
0.11791452815576814;0.11845973134040833
0.017099428098084186;0.01710033416748047
0.04935266798469835;0.057505637407302856
0.07890353470572636;0.08755400776863098
0.0312140889163795;0.031214743852615356
0.09014233940088784;0.10268744826316833
0.08094709814443118;0.08103278279304504
0.04540876018353334;0.0470462441444397
0.09567544818904603;0.11366990208625793
0.013817529198262108;0.013817787170410156
0.09330486936926484;0.09682941436767578
0.0833453190281978;0.08419039845466614
0.05770607941540308;0.05943205952644348
0.03604791021411605;0.0360487662255764
0.09905768889608764;0.11054420471191406
0.05654563012948035;0.062354087829589844
0.05050651821447593;0.0528564453125
0.09718808121013112;0.11339190602302551
0.06445317738357532;0.06700515747070312
0.06334757418452801;0.07217887043952942
0.087285617292463;0.08832073211669922
0.053122131448987045;0.05498078465461731
0.004987426974378663;0.0049877166748046875
0.04276340732194878;0.04433700442314148
0.04397864814272083;0.04778522253036499
0.07967470916040771;0.08549785614013672
0.012613886178389646;0.012767761945724487
0.08480022809687106;0.08751675486564636
0.06693654399442249;0.0849943459033966
0.013892700847487085;0.01389312744140625
0.05505659931501568;0.05920147895812988
0.061772202474893435;0.06470301747322083
0.06386772983955086;0.0711478590965271
0.05616182986743583;0.06521901488304138
0.12183185955585803;0.12371718883514404
0.020459435149746137;0.020460128784179688
0.08822757961134885;0.10000285506248474
0.04882022043056394;0.06374076008796692
0.0364372828469965;0.03643763065338135
0.05012757555355396;0.0625009536743164
0.06646566430423875;0.07444208860397339
0.05185786449211665;0.05504035949707031
0.02388764193802027;0.02388852834701538
0.08735162116426472;0.1081949770450592
0.04811707131360545;0.06216129660606384
0.13669311346275775;0.1477361023426056
0.05495909773810833;0.05967137590050697
0.053539524453216206;0.05534270405769348
0.040624161124985035;0.0432148277759552
0.0709734302479312;0.08122509717941284
0.04331575023695955;0.04392021894454956
0.10042516557832126;0.10248279571533203
0.01153830861941207;0.011539459228515625
0.024992685315050413;0.024992942810058594
0.06145681372809905;0.07268095016479492
0.08176117407391005;0.09898090362548828
0.07245481779078228;0.07699298858642578
0.04502527180970046;0.05754280090332031
0.06447177425436051;0.07115739583969116
0.01969246956499402;0.019692420959472656
0.13899584934853554;0.14170268177986145
0.01306940809647663;0.013070106506347656
0.04000481602157037;0.0411529541015625
0.06880022327107052;0.07679465413093567
0.07580065433087958;0.07684326171875
0.06684126008643586;0.07434344291687012
0.0008752657995730234;0.0008754730224609375
0.027493142710450558;0.02749347686767578
0.07669864808463969;0.09176633507013321
0.06802319687370494;0.0738544762134552
0.07215423980350504;0.0940704345703125
0.04638248505760248;0.05877360701560974
0.05088394063441257;0.052541494369506836
0.05768242534131445;0.06212151050567627
0.08025175964530004;0.09231185913085938
0.08853652755715588;0.09344294667243958
0.09676838982839266;0.10208800435066223
0.08686370252508889;0.09562370181083679
0.08032502015474083;0.10106450319290161
0.040850425647216554;0.04313242435455322
0.10027298782980626;0.1042814552783966
0.08967208341770681;0.0914621353149414
0.030368993099308246;0.03036975860595703
0.0789588473920004;0.08970832824707031
0.004048772556559429;0.004131622612476349
0.058278272964438514;0.059599876403808594
0.08751772329344819;0.09366512298583984
0.03960851204715394;0.039923667907714844
0.08091383826911033;0.08191874623298645
0.05540379635695468;0.07312014698982239
0.07001366632825647;0.07249164581298828
0.058795792375027786;0.06017058342695236
0.036216619462885194;0.036317601799964905
0.09177520595872285;0.09972187876701355
0.01611795087606622;0.016119956970214844
0.0418229943455178;0.042118072509765625
0.040581492590592495;0.04141998291015625
0.01720381742006774;0.017240524291992188
0.04886541758066262;0.0610063374042511
0.08037263643728661;0.09047126770019531
0.02367013495135134;0.02369821071624756
0.10840943165541626;0.11508658528327942
0.06381743602111618;0.08171191811561584
0.0483314295662655;0.04850196838378906
0.09067828374428083;0.10785098373889923
0.02397979815105095;0.02405261993408203
0.0594762453308347;0.06728410720825195
0.028179474562132805;0.02818012237548828
0.1298629937911059;0.1413678675889969
0.0548969671728626;0.06166648864746094
0.08272222733868165;0.0839395821094513
0.04235154393711248;0.044043540954589844
0.08693732761528755;0.10841315984725952
0.0928657250048957;0.11262691020965576
0.029725351284873632;0.0297260582447052
0.005154542047671742;0.005165457725524902
0.08553830756163279;0.09500694274902344
0.06827407354301691;0.09737205505371094
0.035155523844444626;0.036598145961761475
0.025678293509518998;0.025678664445877075
0.10203926727938793;0.10611346364021301
0.0617670291880859;0.07229375839233398
0.057323552111093294;0.06639289855957031
0.012102771021320636;0.012103080749511719
0.07390983259315353;0.08386364579200745
0.05773524270563301;0.07039189338684082
0.10173279978455611;0.1228485107421875
0.08838416197089632;0.09783223271369934
0.06994307618732626;0.07267668843269348
0.06847418603008847;0.08104610443115234
0.004581782061763494;0.004582434892654419
0.0022761524054388305;0.0022764205932617188
0.07035585069200315;0.08040991425514221
0.0777097583596258;0.09145072102546692
0.06268254661848986;0.07840877771377563
0.07113687777888865;0.07716459780931473
0.00529709085824895;0.005297660827636719
0.11908297111958079;0.1206522285938263
0.055158783139740535;0.0697125792503357
0.06437640927306848;0.06848526000976562
0.014623142667715408;0.014623671770095825
0.041538303457020934;0.04154205322265625
0.039678516230727205;0.03974601626396179
0.020196955192732825;0.020200729370117188
0.0679930997278753;0.07703059911727905
0.01975928817199391;0.02086988091468811
0.054443194575229364;0.06328582763671875
0.06057255448275214;0.06157112121582031
0.04312378308012483;0.04584018886089325
0.06584040333571807;0.07196426391601562
0.02358851287280113;0.02366068959236145
0.06947176098400343;0.08564090728759766
0.024431575473420154;0.024527013301849365
0.07279920010225545;0.07339668273925781
0.0825759929994906;0.1024169921875
0.08258536872777109;0.0928058922290802
0.01680526038314383;0.016805678606033325
0.12597489986402766;0.14182665944099426
0.024085775139831383;0.02449968457221985
0.10167725829991102;0.12305548787117004
0.006073466753616989;0.006073951721191406
0.022570194637587398;0.02257061004638672
0.03780255271959478;0.04188445210456848
0.058516971505023184;0.08357718586921692
0.07733037688870648;0.0836881697177887
0.06292982356942699;0.07834938168525696
0.12314139826984427;0.14046195149421692
0.0878156184042706;0.09933081269264221
0.038246130607002674;0.03824615478515625
0.03596996520321633;0.036543309688568115
0.03307078684194923;0.03307151794433594
0.05547564600968478;0.05834239721298218
0.07561753704140503;0.08916309475898743
0.006506525648343362;0.006506919860839844
0.07559854437964089;0.07662585377693176
0.14468015072287754;0.15987613797187805
0.02058164205870812;0.020582199096679688
0.009546107466895881;0.009546279907226562
0.07548822315154348;0.08575060963630676
0.019436102366191574;0.019688494503498077
0.007142181854712542;0.0072539448738098145
0.14751135621889344;0.16166290640830994
0.023433079966775745;0.024367600679397583
0.06965081400581546;0.07008552551269531
0.08696048078880811;0.09506669640541077
0.054343130343871775;0.055308371782302856
0.014378164376727417;0.014378547668457031
0.03182314604623269;0.03182411193847656
0.08210225359965238;0.09854868054389954
0.09009058205728404;0.09298518300056458
0.05676728150902202;0.05858531594276428
0.05795914615640377;0.07308769226074219
0.07006382500241737;0.08344268798828125
0.04300702603463918;0.05179053544998169
0.03296605916940283;0.03296661376953125
0.0455994612533049;0.04959988594055176
0.015090264878281034;0.0150909423828125
0.059915355511719545;0.06808468699455261
0.06218310307794296;0.06913197040557861
0.04482068625851127;0.04787352681159973
0.07884696605963008;0.08701995015144348
0.058360389045787935;0.07305258512496948
0.11801919941114421;0.13013842701911926
0.05805366849293279;0.07084465026855469
0.08106864317859876;0.0944242775440216
0.06001891632210984;0.06125643849372864
0.05321548213187607;0.056864261627197266
0.04512475128930926;0.05294322967529297
0.10942261658942488;0.1129559874534607
0.0697624548398426;0.0758228600025177
0.01977730107414407;0.019877910614013672
0.08225256958280798;0.09835314750671387
0.11910742609452901;0.14070990681648254
0.07632371323690898;0.0843505859375
0.0922259912478879;0.10139939188957214
0.14156280374373245;0.15554508566856384
