Epsilon,F1
0.00012689547829088134,0.9333333333333333
0.0002537909565817627,1.0
0.00038068643487264406,1.0
0.0005075819131635254,1.0
0.0006344773914544067,0.9861409796893668
0.0007613728697452881,1.0
0.0008882683480361694,0.9925925925925926
0.0010151638263270508,1.0
0.0011420593046179322,1.0
0.0012689547829088134,1.0
0.0013958502611996948,0.9966101694915255
0.0015227457394905762,0.9971014492753623
0.0016496412177814574,1.0
0.0017765366960723389,0.9975308641975309
0.00190343217436322,0.9974025974025974
0.0020303276526541015,1.0
0.002157223130944983,0.9981981981981981
0.0022841186092358644,0.998165137614679
0.0024110140875267454,0.9959183673469388
0.0025379095658176268,1.0
0.002664805044108508,0.9982300884955752
0.0027917005223993896,0.9950597818946262
0.002918596000690271,0.9949769209883247
0.0030454914789811525,0.9983471074380166
0.0031723869572720335,0.9971830985915492
0.003299282435562915,0.9971830985915492
0.0034261779138537963,0.9931014931014932
0.0035530733921446777,1.0
0.003679968870435559,0.9986754966887418
0.00380686434872644,0.9987577639751553
0.003933759827017322,0.9975139934375603
0.004060655305308203,1.0
0.004187550783599084,0.996571203363111
0.004314446261889966,0.996626590485632
0.004441341740180847,1.0
0.004568237218471729,0.9934955060963858
0.00469513269676261,0.9990049751243781
0.004822028175053491,0.9958292603453895
0.0049489236533443726,0.9971105146458162
0.0050758191316352536,0.9978947368421054
0.005202714609926135,0.9970718447077791
0.005329610088217016,1.0
0.005456505566507897,1.0
0.005583401044798779,0.9990950226244344
0.00571029652308966,0.9990783410138249
0.005837192001380542,0.9966703585767686
0.005964087479671423,0.9983471074380166
0.006090982957962305,0.9956681828026855
0.006217878436253186,0.9967193021306828
0.006344773914544067,0.9969214130420214
0.006471669392834949,1.0
0.00659856487112583,0.9975881532574802
0.006725460349416712,0.9985611510791367
0.006852355827707593,0.9984274853532804
0.006979251305998474,0.9961987046718412
0.0071061467842893555,0.9985095019252267
0.0072330422625802365,0.9993220338983051
0.007359937740871118,0.9963391923030201
0.007486833219161999,0.9985558813945911
0.00761372869745288,0.997898948590184
0.007740624175743762,0.9986175279404254
0.007867519654034644,0.9979028642590286
0.007994415132325525,0.9946422105199838
0.008121310610616406,1.0
0.008248206088907287,0.9966934629816564
0.008375101567198168,1.0
0.00850199704548905,0.9979692238571267
0.008628892523779932,1.0
0.008755788002070813,0.9987381201174305
0.008882683480361694,0.9974908652229925
0.009009578958652575,0.9981753557439165
0.009136474436943457,0.99819006508238
0.009263369915234338,0.9970635152055711
0.00939026539352522,0.9981836491806281
0.0095171608718161,0.9988128891354698
0.009644056350106981,0.9988372093023257
0.009770951828397864,0.9987829502392609
0.009897847306688745,0.9988269391195164
0.010024742784979626,0.9994397759103641
0.010151638263270507,0.9971459732292498
0.010278533741561388,0.9976022974593824
0.01040542921985227,0.997148419276644
0.010532324698143152,0.9972614774087033
0.010659220176434033,0.9994397759103641
0.010786115654724914,0.9994459833795013
0.010913011133015795,0.9965904953653789
0.011039906611306678,0.9971680523169264
0.011166802089597559,0.9966389463453812
0.01129369756788844,0.9977331650797293
0.01142059304617932,0.9984493638987475
0.011547488524470201,0.995772092788201
0.011674384002761084,0.9964042482114038
0.011801279481051965,0.9979110847066902
0.011928174959342846,0.996944485673669
0.012055070437633727,0.9980487340567296
0.01218196591592461,0.9969736328152337
0.012308861394215491,0.9979409202502574
0.012435756872506372,0.9990311134570833
0.012562652350797253,0.9975539660479514
0.012689547829088134,0.9965520541801218
0.012816443307379017,0.9995180722891567
0.012943338785669898,0.997088007802299
0.013070234263960779,0.9980898896499919
0.01319712974225166,0.9975482873719148
0.01332402522054254,0.9976003641564194
0.013450920698833423,0.9980670512498955
0.013577816177124304,0.9948111536665752
0.013704711655415185,0.995820052516328
0.013831607133706066,0.9973002294329728
0.013958502611996947,0.9986470122579659
0.01408539809028783,0.9977917786682389
0.014212293568578711,0.9977873009187028
0.014339189046869592,0.9969098504142417
0.014466084525160473,0.9982306940371457
0.014592980003451354,0.9982677643253526
0.014719875481742237,0.9969099606027996
0.014846770960033118,0.9978161920131102
0.014973666438323999,0.9973774284316237
0.01510056191661488,0.9987054225012049
0.01522745739490576,0.9986927980211207
0.015354352873196643,0.9965668260264374
0.015481248351487524,0.9974562333149993
0.015608143829778405,0.9970865527795884
0.015735039308069288,0.9979164490920269
0.01586193478636017,0.997906442518534
0.01598883026465105,0.9983406544123653
0.01611572574294193,0.99958071278826
0.016242621221232812,0.998743892704578
0.016369516699523693,0.9979087168960588
0.016496412177814574,0.9975253844834763
0.016623307656105455,0.997965913115943
0.016750203134396336,0.9979861487114423
0.01687709861268722,0.997990745519593
0.0170039940909781,0.9952214150005938
0.017130889569268982,0.9968054459486684
0.017257785047559863,0.996443133543458
0.017384680525850744,0.9980467869619112
0.017511576004141625,0.9984244852735745
0.017638471482432506,0.9972350626904538
0.017765366960723387,0.9980421731807683
0.01789226243901427,0.997291103098094
0.01801915791730515,0.9961295605978557
0.018146053395596034,0.9969460987667936
0.018272948873886915,0.9984582867445108
0.018399844352177796,0.9984642072715598
0.018526739830468677,0.9973294968982642
0.018653635308759558,0.9981178515812481
0.01878053078705044,0.9950931793503741
0.01890742626534132,0.9969893845329869
0.0190343217436322,0.9966223141556432
0.019161217221923082,0.9974049421080075
0.019288112700213963,0.9977609274625456
0.019415008178504847,0.9959453446461197
0.01954190365679573,0.9967153725945463
0.01966879913508661,0.9974624043033845
0.01979569461337749,0.9974627520549048
0.01992259009166837,0.9978205953469315
0.020049485569959252,0.9956460243358677
0.020176381048250133,0.9971181316747068
0.020303276526541014,0.9949660143772828
0.020430172004831895,0.9974785994832978
0.020557067483122776,0.9974888036950862
0.02068396296141366,0.9964509622975337
0.02081085843970454,0.9978870923872535
0.020937753917995423,0.9954424430988272
0.021064649396286304,0.9958047205302101
0.021191544874577185,0.9968860739170224
0.021318440352868066,0.9982568744678698
0.021445335831158947,0.9989587899973407
0.021572231309449828,0.9989612188987268
0.02169912678774071,0.9982810628899204
0.02182602226603159,0.9993090795185037
0.021952917744322474,0.9989787732396428
0.022079813222613355,0.9993288590604028
0.022206708700904236,0.9983076380811392
0.022333604179195117,0.9983158086577845
0.022460499657485998,0.9973057450095855
0.02258739513577688,0.998345471416922
0.02271429061406776,0.9983176462745662
0.02284118609235864,0.9966808160871434
0.022968081570649522,0.9970231667035684
0.023094977048940403,0.9979992992944441
0.023221872527231287,0.9980113953137213
0.02334876800552217,0.9980091282539858
0.02347566348381305,0.9970116773475945
0.02360255896210393,0.9966876632512319
0.02372945444039481,0.9976850555300238
0.023856349918685692,0.9964107321728269
0.023983245396976573,0.9973877089651737
0.024110140875267454,0.9954625339964294
0.024237036353558335,0.9964440514030624
0.02436393183184922,0.9961526063867098
0.0244908273101401,0.9961634051442804
0.024617722788430982,0.9974331878360448
0.024744618266721863,0.9977538053471011
0.024871513745012744,0.9990443706370199
0.024998409223303625,0.9987115917908364
0.025125304701594506,0.9971256826666564
0.025252200179885387,0.9968214063371569
0.025379095658176268,0.996504420731276
0.02550599113646715,0.9955622237043471
0.025632886614758033,0.9965551332284658
0.025759782093048914,0.996556818689324
0.025886677571339795,0.9962716213318398
0.026013573049630676,0.9972441162130922
0.026140468527921557,0.997240056066398
0.026267364006212438,0.9966210128428212
0.02639425948450332,0.9957160732185762
0.0265211549627942,0.9960597065061391
0.02664805044108508,0.9954745559549132
0.026774945919375962,0.9945940868023042
0.026901841397666847,0.9958081380041175
0.027028736875957728,0.9970119261802608
0.02715563235424861,0.997321145582952
0.02728252783253949,0.9976155020581373
0.02740942331083037,0.9967278564561995
0.02753631878912125,0.9967428622296192
0.027663214267412133,0.9973398525450955
0.027790109745703014,0.9976479622382362
0.027917005223993895,0.9970359365141247
0.028043900702284776,0.9976333444132116
0.02817079618057566,0.9970477355878055
0.02829769165886654,0.995568611928946
0.028424587137157422,0.9946985946384428
0.028551482615448303,0.9964471719421587
0.028678378093739184,0.9967525944463397
0.028805273572030065,0.9967992426350281
0.028932169050320946,0.9979930386198161
0.029059064528611827,0.9982753690005287
0.029185960006902708,0.9985696167925552
0.02931285548519359,0.9979829111728812
0.029439750963484473,0.9973881896601305
0.029566646441775354,0.9959898454660365
0.029693541920066235,0.9957140303336243
0.029820437398357116,0.9954564175349854
0.029947332876647997,0.9945845921092651
0.03007422835493888,0.9963209760331043
0.03020112383322976,0.9968749726380999
0.03032801931152064,0.9974338474440589
0.03045491478981152,0.9977145433057105
0.030581810268102402,0.9977271817982348
0.030708705746393287,0.9971389567716165
0.030835601224684168,0.9971727727884826
0.03096249670297505,0.9974548568922137
0.03108939218126593,0.9971812652843717
0.03121628765955681,0.9977501389909953
0.031343183137847695,0.9977411802354631
0.031470078616138576,0.9971884371601979
0.03159697409442946,0.9974674377163852
0.03172386957272034,0.9977479415263009
0.03185076505101122,0.9980376802610593
0.0319776605293021,0.9983166202889532
0.03210455600759298,0.9980353263367732
0.03223145148588386,0.9974797256791259
0.03235834696417474,0.9974934527555869
0.032485242442465624,0.9972244243389394
0.032612137920756505,0.9969380339570207
0.032739033399047386,0.9975011742102566
0.03286592887733827,0.997225476450278
0.03299282435562915,0.9966632468958571
0.03311971983392003,0.9961311701327432
0.03324661531221091,0.9966926857445809
0.03337351079050179,0.996420164678643
0.03350040626879267,0.9964276324336059
0.03362730174708355,0.9972500908855778
0.03375419722537444,0.9969837821530788
0.03388109270366532,0.9972698434793486
0.0340079881819562,0.9967202262934618
0.034134883660247084,0.9964488509542863
0.034261779138537965,0.9961803204311721
0.034388674616828846,0.9951096201023933
0.03451557009511973,0.9956235277503783
0.03464246557341061,0.9953882110913537
0.03476936105170149,0.9953899877270814
0.03489625652999237,0.9951446441104601
0.03502315200828325,0.9967626976767232
0.03515004748657413,0.9973067433331375
0.03527694296486501,0.997060889795183
0.035403838443155894,0.9962917527088319
0.035530733921446775,0.9981406678134956
0.035657629399737656,0.9984029968742514
0.03578452487802854,0.9986530227748404
0.03591142035631942,0.9983903301108363
0.0360383158346103,0.9986501060372468
0.03616521131290118,0.9983866041885403
0.03629210679119207,0.9986609495347611
0.03641900226948295,0.9986595358425262
0.03654589774777383,0.9986588247301509
0.03667279322606471,0.9978570314008983
0.03679968870435559,0.9976030991271296
0.03692658418264647,0.9976110495414854
0.037053479660937354,0.9981393142831745
0.037180375139228235,0.998137224806222
0.037307270617519116,0.99788184357255
0.03743416609581,0.9973541366114697
0.03756106157410088,0.9973623372694493
0.03768795705239176,0.9981662407525956
0.03781485253068264,0.9981620311007982
0.03794174800897352,0.9976342871577921
0.0380686434872644,0.9979033988173978
0.03819553896555528,0.9979075843897188
0.038322434443846164,0.9973996391629069
0.038449329922137045,0.9966192277110393
0.038576225400427926,0.9976623868911126
0.03870312087871881,0.9963670328091689
0.038830016357009695,0.99637631699751
0.038956911835300576,0.9961275388037281
0.03908380731359146,0.9963863497021348
0.03921070279188234,0.9958716312433011
0.03933759827017322,0.9958761816675358
0.0394644937484641,0.9958795822909694
0.03959138922675498,0.9961343863894442
0.03971828470504586,0.9961441955732626
0.03984518018333674,0.9961441955732626
0.039972075661627623,0.9953720758187273
0.040098971139918504,0.9956349235192263
0.040225866618209385,0.9961583843278088
0.040352762096500266,0.996165541779423
0.04047965757479115,0.9961790453670526
0.04060655305308203,0.9961746521913414
0.04073344853137291,0.9956721009333329
0.04086034400966379,0.9959314626743648
0.04098723948795467,0.9956895258952801
0.04111413496624555,0.9961895142928266
0.04124103044453644,0.9962016400435637
0.04136792592282732,0.9957210445298719
0.0414948214011182,0.9964802912429335
0.04162171687940908,0.9967370181375129
0.041748612357699964,0.9969854539963062
0.041875507835990845,0.9967358476267932
0.042002403314281726,0.9969912672308929
0.04212929879257261,0.996737782623794
0.04225619427086349,0.9972341011101822
0.04238308974915437,0.9977430004226541
0.04250998522744525,0.9979908899705354
0.04263688070573613,0.9977367603644364
0.04276377618402701,0.99749452261497
0.04289067166231789,0.9985009750789866
0.043017567140608774,0.9982487618219175
0.043144462618899655,0.9977462557065888
0.043271358097190536,0.9974965892305072
0.04339825357548142,0.9982525719863565
0.0435251490537723,0.998009633369923
0.04365204453206318,0.9980047194159971
0.04377894001035407,0.9975053506963981
0.04390583548864495,0.997512682256526
0.04403273096693583,0.9975065386862262
0.04415962644522671,0.9982625002063539
0.04428652192351759,0.9982625002063539
0.04441341740180847,0.9985121880964911
0.04454031288009935,0.9982631228694215
0.044667208358390234,0.9985079435295294
0.044794103836681115,0.9985110530257753
0.044920999314971996,0.9977723789588995
0.04504789479326288,0.9975257721098518
0.04517479027155376,0.9980220439592591
0.04530168574984464,0.9985189537508985
0.04542858122813552,0.9985195748631241
0.0455554767064264,0.9990183256656273
0.04568237218471728,0.998519050089144
0.04580926766300816,0.9987639030349813
0.045936163141299044,0.9987639030349813
0.046063058619589925,0.9985160685159817
0.046189954097880806,0.9990171394725443
0.046316849576171694,0.9987699206839163
0.046443745054462575,0.998765735801803
0.046570640532753456,0.9985244812782806
0.04669753601104434,0.9982809062344733
0.04682443148933522,0.9982827232450242
0.0469513269676261,0.9980379274174063
0.04707822244591698,0.9982845373220837
0.04720511792420786,0.9980450752279243
0.04733201340249874,0.9978049812781178
0.04745890888078962,0.9973141829904755
0.047585804359080504,0.9973147866774937
0.047712699837371385,0.9975560391073743
0.047839595315662266,0.9975566413165723
0.04796649079395315,0.9978026415571591
0.04809338627224403,0.9973160013281044
0.04822028175053491,0.9975672493722578
0.04834717722882579,0.9973347465707562
0.04847407270711667,0.9970911455855788
0.04860096818540755,0.9970911455855788
0.04872786366369844,0.9970876512556833
0.04885475914198932,0.99708412430735
0.0489816546202802,0.9966056148706345
0.04910855009857108,0.9966079835704222
0.049235445576861964,0.9970935654392153
0.049362341055152845,0.9975813681514341
0.049489236533443726,0.9973383547856989
0.04961613201173461,0.9973469192741587
0.04974302749002549,0.9971136765242367
0.04986992296831637,0.997356689889972
0.04999681844660725,0.997356689889972
0.05012371392489813,0.9973584572599045
0.05025060940318901,0.9971160330174801
0.05037750488147989,0.9973533017368397
0.050504400359770774,0.996403010270616
0.050631295838061655,0.9971257385931368
0.050758191316352536,0.9964013972351798
0.05088508679464342,0.9975998308110514
0.0510119822729343,0.9973597417683189
0.05113887775122518,0.9973626449515143
0.051265773229516066,0.9975976880517999
0.05139266870780695,0.9978424194449025
0.05151956418609783,0.9980836732688626
0.05164645966438871,0.9980836732688626
0.05177335514267959,0.9980836732688626
0.05190025062097047,0.9980830828784694
0.05202714609926135,0.9985655905866879
0.05215404157755223,0.9983243360631656
0.052280937055843114,0.9978429896885235
0.052407832534133995,0.9971317270714222
0.052534728012424876,0.9971317270714222
0.05266162349071576,0.9973741379813769
0.05278851896900664,0.9976148111737307
0.05291541444729752,0.997849881588467
0.0530423099255884,0.997849881588467
0.05316920540387928,0.9985768555683266
0.05329610088217016,0.9988107994957854
0.05342299636046104,0.9988102278532919
0.053549891838751924,0.9990514596949458
0.053676787317042805,0.9988136428472757
0.05380368279533369,0.9990531631207518
0.053930578273624574,0.9990531631207518
0.054057473751915455,0.9992909745790939
0.054184369230206336,0.9988125056795724
0.05431126470849722,0.9985758375111559
0.0544381601867881,0.9988147841029035
0.05456505566507898,0.9985775381938383
0.05469195114336986,0.9985775368537428
0.05481884662166074,0.9978708416099
0.05494574209995162,0.9976341558846915
0.0550726375782425,0.9976341558846915
0.055199533056533384,0.9976413326845277
0.055326428534824265,0.9971740700762209
0.055453324013115146,0.9969385007884274
0.05558021949140603,0.9969412827666639
0.05570711496969691,0.9981208958756607
0.05583401044798779,0.9974136199472203
0.05596090592627867,0.9976459482896625
0.05608780140456955,0.9971764660242881
0.05621469688286043,0.9974147963541858
0.05634159236115132,0.9978864905777038
0.0564684878394422,0.9976514736027159
0.05659538331773308,0.9976536758273387
0.05672227879602396,0.9981242556774775
0.056849174274314844,0.9981253603446966
0.056976069752605725,0.998126998044547
0.057102965230896606,0.998362015024111
0.05722986070918749,0.9983630979447253
0.05735675618747837,0.9988303921329156
0.05748365166576925,0.9988347084819637
0.05761054714406013,0.9988347084819637
0.05773744262235101,0.9990686266106186
0.05786433810064189,0.9990686266106186
0.05799123357893277,0.9990654046168859
0.058118129057223654,0.9990686731574041
0.058245024535514535,0.9988342065688929
0.058371920013805416,0.9990686725196705
0.0584988154920963,0.9988390513945269
0.05862571097038718,0.9993068678025743
0.058752606448678066,0.9993068678025743
0.05887950192696895,0.9993068678025743
0.05900639740525983,0.9993068678025743
0.05913329288355071,0.9993025906483254
0.05926018836184159,0.9990692184196206
0.05938708384013247,0.9983712751652055
0.05951397931842335,0.9981400719484543
0.05964087479671423,0.9983745214378246
0.059767770275005114,0.9986068088504816
0.059894665753295995,0.9983755955978314
0.060021561231586876,0.9988401729298657
0.06014845670987776,0.9988401729298657
0.06027535218816864,0.9988401729298657
0.06040224766645952,0.9990724603425226
0.0605291431447504,0.9990724603425226
0.06065603862304128,0.9993047483796887
0.06078293410133216,0.999305286706542
0.06090982957962304,0.9995365005793744
0.061036725057913924,0.9993052873267242
0.061163620536204805,0.9993052873267242
0.06129051601449569,0.9993052873267242
0.061417411492786574,0.9990746086711899
0.061544306971077455,0.9988444627608188
0.061671202449368336,0.9988444627608188
0.06179809792765922,0.9981518847892387
0.0619249934059501,0.9988465876251402
0.06205188888424098,0.9988465864103105
0.06217878436253186,0.9988465864103105
0.06230567984082274,0.9986164386522534
0.06243257531911362,0.9986164386522534
0.06255947079740451,0.9986164386522534
0.06268636627569539,0.9983868211885696
0.06281326175398627,0.99861803138303
0.06294015723227715,0.9988487100598021
0.06306705271056803,0.9986206598887645
0.06319394818885891,0.9986206598887645
0.0633208436671498,0.9986206598887645
0.06344773914544068,0.9986206598887645
0.06357463462373156,0.9986217156180753
0.06370153010202244,0.9983936726449947
0.06382842558031332,0.9981682812997082
0.0639553210586042,0.9974841307988787
0.06408221653689508,0.9977121803789306
0.06420911201518596,0.9974851662099369
0.06433600749347684,0.997485698219139
0.06446290297176772,0.9974872619917405
0.0645897984500586,0.9977168771254654
0.06471669392834949,0.9979480584487932
0.06484358940664037,0.9979480584487932
0.06497048488493125,0.9979480584487932
0.06509738036322213,0.9977215667071704
0.06522427584151301,0.9979532355241856
0.06535117131980389,0.9974991942568601
0.06547806679809477,0.9977272356432898
0.06560496227638565,0.9977272356432898
0.06573185775467653,0.9975007356600202
0.06585875323296742,0.9979557994130495
0.0659856487112583,0.9981833306986013
0.06611254418954918,0.99795836746651
0.06623943966784006,0.99795836746651
0.06636633514613094,0.9986393995588638
0.06649323062442182,0.9986399079660071
0.0666201261027127,0.9988690024413259
0.06674702158100358,0.9988690024413259
0.06687391705929446,0.9990949911418909
0.06700081253758534,0.9990949911418909
0.06712770801587623,0.9988705276705276
0.0672546034941671,0.9988705276705276
0.06738149897245799,0.9988705276705276
0.06750839445074888,0.9988705276705276
0.06763528992903976,0.9988725521669343
0.06776218540733064,0.9990980278980279
0.06788908088562152,0.9990980278980279
0.0680159763639124,0.9988678783007897
0.06814287184220329,0.9990980278980279
0.06826976732049417,0.9990980278980279
0.06839666279878505,0.9993229980781552
0.06852355827707593,0.9988689756500712
0.06865045375536681,0.9990970240521811
0.06877734923365769,0.9990970240521811
0.06890424471194857,0.9986409041137054
0.06903114019023945,0.9984190666754694
0.06915803566853033,0.9986460923314416
0.06928493114682122,0.9986460923314416
0.0694118266251121,0.9986486401183703
0.06953872210340298,0.9988751349333655
0.06966561758169386,0.9988776570713895
0.06979251305998474,0.9991016206773036
0.06991940853827562,0.9986521552267744
0.0700463040165665,0.9986521552267744
0.07017319949485738,0.9988776326600728
0.07030009497314826,0.9986490612315014
0.07042699045143914,0.9986490612315014
0.07055388592973003,0.9986485618914198
0.0706807814080209,0.9990964975119037
0.07080767688631179,0.9988730355079767
0.07093457236460267,0.9990975007121122
0.07106146784289355,0.9990975007121122
0.07118836332118443,0.9993260721406838
0.07131525879947531,0.9993260721406838
0.07144215427776619,0.9991000840191523
0.07156904975605707,0.9991000840191523
0.07169594523434795,0.9988725527336004
0.07182284071263884,0.9988735735776391
0.07194973619092972,0.9988735735776391
0.0720766316692206,0.9988735735776391
0.07220352714751148,0.9988735735776391
0.07233042262580236,0.9988735735776391
0.07245731810409324,0.9990995622782041
0.07258421358238414,0.9990995622782041
0.07271110906067502,0.9991000788077967
0.0728380045389659,0.9988751075005254
0.07296490001725678,0.9986496283573463
0.07309179549554766,0.9984251631722512
0.07321869097383854,0.9981986631889812
0.07334558645212942,0.9977477049221848
0.0734724819304203,0.9979731834941201
0.07359937740871118,0.9984251683836067
0.07372627288700206,0.9984251683836067
0.07385316836529295,0.9986506458169051
0.07398006384358383,0.9986506458169051
0.07410695932187471,0.9986506458169051
0.07423385480016559,0.9986506458169051
0.07436075027845647,0.9986506458169051
0.07448764575674735,0.9986506458169051
0.07461454123503823,0.9986506458169051
0.07474143671332911,0.9982062012756453
0.07486833219162,0.9979812328400941
0.07499522766991087,0.9986556588615653
0.07512212314820176,0.9984336838275768
0.07524901862649264,0.9986566487155617
0.07537591410478352,0.9988791175773203
0.0755028095830744,0.9991010931600062
0.07562970506136528,0.9988771289942727
0.07575660053965616,0.9988771289942727
0.07588349601794704,0.9988771289942727
0.07601039149623792,0.9988771289942727
0.0761372869745288,0.9986526621031391
0.07626418245281968,0.9986531648285393
0.07639107793111057,0.9986531648285393
0.07651797340940145,0.9990995984047288
0.07664486888769233,0.9995510639557514
0.07677176436598321,0.9995510639557514
0.07689865984427409,0.9995510639557514
0.07702555532256497,0.9995510639557514
0.07715245080085585,0.9995510639557514
0.07727934627914673,0.9993290883730654
0.07740624175743761,0.9993290883730654
0.07753313723572851,0.9991056252457341
0.07766003271401939,0.9991056252457341
0.07778692819231027,0.9991056252457341
0.07791382367060115,0.9991056252457341
0.07804071914889203,0.9991056252457341
0.07816761462718291,0.9993295888516481
0.0782945101054738,0.9993295888516481
0.07842140558376468,0.9993295888516481
0.07854830106205556,0.9993295888516481
0.07867519654034644,0.9993295888516481
0.07880209201863732,0.9995545607301632
0.0789289874969282,0.9995545607301632
0.07905588297521908,0.9995545607301632
0.07918277845350996,0.9995545607301632
0.07930967393180084,0.9995545607301632
0.07943656941009172,0.9988856489348648
0.0795634648883826,0.9988856489348648
0.07969036036667348,0.9988856489348648
0.07981725584496437,0.9991091126220155
0.07994415132325525,0.9988876292246571
0.08007104680154613,0.9988876292246571
0.08019794227983701,0.9988881297032398
0.08032483775812789,0.998665164262883
0.08045173323641877,0.9988886279500339
0.08057862871470965,0.9988886279500339
0.08070552419300053,0.9988886279500339
0.08083241967129141,0.999110602987664
0.0809593151495823,0.999110602987664
0.08108621062787318,0.999110602987664
0.08121310610616406,0.999110602987664
0.08134000158445494,0.999110602987664
0.08146689706274582,0.9988876381033863
0.0815937925410367,0.9988866542961589
0.08172068801932758,0.9988866542961589
0.08184758349761846,0.9988866542961589
0.08197447897590934,0.9984412199977178
0.08210137445420022,0.9984412199977178
0.0822282699324911,0.9986646820203472
0.08235516541078199,0.998666652433194
0.08248206088907288,0.9988876469083321
0.08260895636736376,0.9988876469083321
0.08273585184565464,0.9988876469083321
0.08286274732394552,0.9991091308507463
0.0829896428022364,0.9991091308507463
0.08311653828052729,0.9991091308507463
0.08324343375881817,0.9993320957387312
0.08337032923710905,0.9993320957387312
0.08349722471539993,0.9993320957387312
0.08362412019369081,0.9993320957387312
0.08375101567198169,0.9993320957387312
0.08387791115027257,0.9993320957387312
0.08400480662856345,0.9991101207047427
0.08413170210685433,0.9991101207047427
0.08425859758514521,0.9991101207047427
0.0843854930634361,0.9991111061691429
0.08451238854172698,0.9991111061691429
0.08463928402001786,0.9991111061691429
0.08476617949830874,0.9993330812067731
0.08489307497659962,0.9993330812067731
0.0850199704548905,0.9993330812067731
0.08514686593318138,0.9993330812067731
0.08527376141147226,0.9993330812067731
0.08540065688976314,0.9993330812067731
0.08552755236805402,0.9993330812067731
0.0856544478463449,0.9993335772366736
0.08578134332463579,0.9993335772366736
0.08590823880292667,0.9993335772366736
0.08603513428121755,0.9993335772366736
0.08616202975950843,0.9993335772366736
0.08628892523779931,0.9993335772366736
0.08641582071609019,0.9993335772366736
0.08654271619438107,0.9993335772366736
0.08666961167267195,0.9993335772366736
0.08679650715096283,0.9993335772366736
0.08692340262925372,0.9993335772366736
0.0870502981075446,0.9993335772366736
0.08717719358583548,0.9995560466471298
0.08730408906412636,0.9995560466471298
0.08743098454241724,0.9995560466471298
0.08755788002070813,0.9997785160575858
0.08768477549899902,0.9997785160575858
0.0878116709772899,0.9997780244173141
0.08793856645558078,0.9997780244173141
0.08806546193387166,0.9997780244173141
0.08819235741216254,0.9997780244173141
0.08831925289045342,0.9997780244173141
0.0884461483687443,0.9997780244173141
0.08857304384703518,0.9997780244173141
0.08869993932532606,0.9997780244173141
0.08882683480361694,0.9997780244173141
0.08895373028190783,0.9997780244173141
0.0890806257601987,0.9997780244173141
0.08920752123848959,0.9997780244173141
0.08933441671678047,0.9997780244173141
0.08946131219507135,0.9997780244173141
0.08958820767336223,0.9997780244173141
0.08971510315165311,0.9997780244173141
0.08984199862994399,0.9997780244173141
0.08996889410823487,0.9997780244173141
0.09009578958652575,0.9997780244173141
0.09022268506481664,0.9997780244173141
0.09034958054310752,1.0
0.0904764760213984,1.0
0.09060337149968928,1.0
0.09073026697798016,1.0
0.09085716245627104,1.0
0.09098405793456192,1.0
0.0911109534128528,1.0
0.09123784889114368,1.0
0.09136474436943456,1.0
0.09149163984772545,1.0
0.09161853532601633,1.0
0.09174543080430721,1.0
0.09187232628259809,1.0
0.09199922176088897,1.0
0.09212611723917985,1.0
0.09225301271747073,1.0
0.09237990819576161,1.0
0.0925068036740525,1.0
0.09263369915234339,1.0
0.09276059463063427,0.9997790055248619
0.09288749010892515,0.9997790055248619
0.09301438558721603,0.9997790055248619
0.09314128106550691,0.9997790055248619
0.09326817654379779,0.9997790055248619
0.09339507202208867,0.9997790055248619
0.09352196750037955,1.0
0.09364886297867044,1.0
0.09377575845696132,1.0
0.0939026539352522,1.0
0.09402954941354308,1.0
0.09415644489183396,0.9997780244173141
0.09428334037012484,0.9997780244173141
0.09441023584841572,0.9997780244173141
0.0945371313267066,0.9997780244173141
0.09466402680499748,1.0
0.09479092228328836,1.0
0.09491781776157925,1.0
0.09504471323987013,1.0
0.09517160871816101,1.0
0.09529850419645189,1.0
0.09542539967474277,1.0
0.09555229515303365,1.0
0.09567919063132453,1.0
0.09580608610961541,1.0
0.0959329815879063,1.0
0.09605987706619717,1.0
0.09618677254448806,1.0
0.09631366802277894,1.0
0.09644056350106982,1.0
0.0965674589793607,1.0
0.09669435445765158,1.0
0.09682124993594246,1.0
0.09694814541423334,1.0
0.09707504089252422,1.0
0.0972019363708151,1.0
0.09732883184910598,1.0
0.09745572732739688,1.0
0.09758262280568776,1.0
0.09770951828397864,1.0
0.09783641376226952,1.0
0.0979633092405604,1.0
0.09809020471885128,1.0
0.09821710019714217,1.0
0.09834399567543305,1.0
0.09847089115372393,1.0
0.09859778663201481,1.0
0.09872468211030569,1.0
0.09885157758859657,1.0
0.09897847306688745,1.0
0.09910536854517833,1.0
0.09923226402346921,1.0
0.0993591595017601,1.0
0.09948605498005098,1.0
0.09961295045834186,1.0
0.09973984593663274,1.0
0.09986674141492362,1.0
0.0999936368932145,1.0
0.10012053237150538,1.0
0.10024742784979626,1.0
0.10037432332808714,0.9997794928335171
0.10050121880637802,0.9997794928335171
0.1006281142846689,0.9997794928335171
0.10075500976295979,0.9997794928335171
0.10088190524125067,0.9997794928335171
0.10100880071954155,0.9997794928335171
0.10113569619783243,0.9997794928335171
0.10126259167612331,0.9997794928335171
0.10138948715441419,0.9997794928335171
0.10151638263270507,0.9997794928335171
0.10164327811099595,0.9997794928335171
0.10177017358928683,0.9997794928335171
0.10189706906757771,0.9995589856670343
0.1020239645458686,0.9995589856670343
0.10215086002415948,0.9995589856670343
0.10227775550245036,0.9995589856670343
0.10240465098074124,0.9995589856670343
0.10253154645903213,0.9995589856670343
0.10265844193732301,0.9993384785005512
0.1027853374156139,0.9993384785005512
0.10291223289390478,0.9993384785005512
0.10303912837219566,0.9993384785005512
0.10316602385048654,0.9993384785005512
0.10329291932877742,0.9995589856670343
0.1034198148070683,0.9995589856670343
0.10354671028535918,0.9997794928335171
0.10367360576365006,0.9997794928335171
0.10380050124194094,0.9997794928335171
0.10392739672023182,0.9997794928335171
0.1040542921985227,0.9997794928335171
0.10418118767681359,0.9997794928335171
0.10430808315510447,0.9997794928335171
0.10443497863339535,0.9997794928335171
0.10456187411168623,0.9997794928335171
0.10468876958997711,0.9997794928335171
0.10481566506826799,0.9997794928335171
0.10494256054655887,0.9997794928335171
0.10506945602484975,0.9997794928335171
0.10519635150314063,0.9997794928335171
0.10532324698143151,0.9997794928335171
0.1054501424597224,0.9997794928335171
0.10557703793801328,0.9997794928335171
0.10570393341630416,0.9997794928335171
0.10583082889459504,0.9997794928335171
0.10595772437288592,0.9997794928335171
0.1060846198511768,0.9997794928335171
0.10621151532946768,0.9997794928335171
0.10633841080775856,0.9997794928335171
0.10646530628604944,0.9997794928335171
0.10659220176434032,0.9997794928335171
0.1067190972426312,0.9997794928335171
0.10684599272092209,0.999558008891103
0.10697288819921297,0.999558008891103
0.10709978367750385,0.999558008891103
0.10722667915579473,0.999558008891103
0.10735357463408561,0.999558008891103
0.1074804701123765,0.999558008891103
0.10760736559066739,0.999558008891103
0.10773426106895827,0.999558008891103
0.10786115654724915,0.999558008891103
0.10798805202554003,0.999558008891103
0.10811494750383091,0.999558008891103
0.10824184298212179,0.999558008891103
0.10836873846041267,0.999558008891103
0.10849563393870355,0.999558008891103
0.10862252941699443,0.999558008891103
0.10874942489528532,0.999558008891103
0.1088763203735762,0.999558008891103
0.10900321585186708,0.999558008891103
0.10913011133015796,0.9993365249486887
0.10925700680844884,0.999558008891103
0.10938390228673972,0.999558008891103
0.1095107977650306,0.999558008891103
0.10963769324332148,0.999558008891103
0.10976458872161236,0.999558008891103
0.10989148419990324,0.999558008891103
0.11001837967819413,0.999558008891103
0.110145275156485,0.999558008891103
0.11027217063477589,0.999558008891103
0.11039906611306677,0.999558008891103
0.11052596159135765,0.999558008891103
0.11065285706964853,0.9997794928335171
0.11077975254793941,0.9997794928335171
0.11090664802623029,0.9997794928335171
0.11103354350452117,0.9997794928335171
0.11116043898281205,0.9997794928335171
0.11128733446110294,0.9997794928335171
0.11141422993939382,0.9997794928335171
0.1115411254176847,0.9997794928335171
0.11166802089597558,0.9997794928335171
0.11179491637426646,0.9997794928335171
0.11192181185255734,0.9997794928335171
0.11204870733084822,0.9997794928335171
0.1121756028091391,0.9997794928335171
0.11230249828742998,0.9997794928335171
0.11242939376572086,0.9997794928335171
0.11255628924401176,0.9997794928335171
0.11268318472230264,0.9997794928335171
0.11281008020059352,0.9997794928335171
0.1129369756788844,0.9997794928335171
0.11306387115717528,0.9997794928335171
0.11319076663546616,0.9997794928335171
0.11331766211375705,0.9997794928335171
0.11344455759204793,0.9997794928335171
0.11357145307033881,0.9997794928335171
0.11369834854862969,0.9997794928335171
0.11382524402692057,0.9997794928335171
0.11395213950521145,0.9997794928335171
0.11407903498350233,0.9997794928335171
0.11420593046179321,0.9997794928335171
0.11433282594008409,0.9997794928335171
0.11445972141837497,0.9997794928335171
0.11458661689666585,0.9997794928335171
0.11471351237495674,0.9997794928335171
0.11484040785324762,0.9997794928335171
0.1149673033315385,0.9997794928335171
0.11509419880982938,0.9997794928335171
0.11522109428812026,0.9997794928335171
0.11534798976641114,0.9997794928335171
0.11547488524470202,0.9997794928335171
0.1156017807229929,0.9997794928335171
0.11572867620128378,0.9997794928335171
0.11585557167957466,0.9997794928335171
0.11598246715786555,0.9997794928335171
0.11610936263615643,0.9997794928335171
0.11623625811444731,0.9997794928335171
0.11636315359273819,0.9997794928335171
0.11649004907102907,0.9997794928335171
0.11661694454931995,1.0
0.11674384002761083,1.0
0.11687073550590171,1.0
0.1169976309841926,1.0
0.11712452646248347,1.0
0.11725142194077436,1.0
0.11737831741906524,1.0
0.11750521289735613,1.0
0.11763210837564701,1.0
0.1177590038539379,1.0
0.11788589933222877,1.0
0.11801279481051966,1.0
0.11813969028881054,1.0
0.11826658576710142,1.0
0.1183934812453923,1.0
0.11852037672368318,1.0
0.11864727220197406,1.0
0.11877416768026494,1.0
0.11890106315855582,1.0
0.1190279586368467,1.0
0.11915485411513758,1.0
0.11928174959342847,1.0
0.11940864507171935,1.0
0.11953554055001023,1.0
0.11966243602830111,1.0
0.11978933150659199,1.0
0.11991622698488287,1.0
0.12004312246317375,1.0
0.12017001794146463,1.0
0.12029691341975551,1.0
0.1204238088980464,1.0
0.12055070437633728,1.0
0.12067759985462816,1.0
0.12080449533291904,1.0
0.12093139081120992,1.0
0.1210582862895008,1.0
0.12118518176779168,1.0
0.12131207724608256,1.0
0.12143897272437344,1.0
0.12156586820266432,1.0
0.1216927636809552,1.0
0.12181965915924609,1.0
0.12194655463753697,1.0
0.12207345011582785,1.0
0.12220034559411873,1.0
0.12232724107240961,1.0
0.1224541365507005,1.0
0.12258103202899139,1.0
0.12270792750728227,1.0
0.12283482298557315,1.0
0.12296171846386403,1.0
0.12308861394215491,1.0
0.12321550942044579,1.0
0.12334240489873667,1.0
0.12346930037702755,1.0
0.12359619585531843,1.0
0.12372309133360931,1.0
0.1238499868119002,1.0
0.12397688229019108,1.0
0.12410377776848196,1.0
0.12423067324677284,1.0
0.12435756872506372,1.0
0.1244844642033546,1.0
0.12461135968164548,1.0
0.12473825515993636,1.0
0.12486515063822724,1.0
0.12499204611651812,1.0
0.12511894159480902,1.0
0.12524583707309989,1.0
0.12537273255139078,1.0
0.12549962802968165,0.9997794928335171
0.12562652350797254,1.0
0.1257534189862634,1.0
0.1258803144645543,1.0
0.12600720994284517,1.0
0.12613410542113607,1.0
0.12626100089942693,1.0
0.12638789637771783,1.0
0.1265147918560087,1.0
0.1266416873342996,1.0
0.12676858281259046,1.0
